OrderID,CustomerID,OrderDate,ProductCategory,Quantity,UnitPrice,TotalAmount
1001,5322,2023-12-01,Home & Kitchen,2,272.94,545.88
1002,5726,2023-12-02,Toys,8,572.12,4576.96
1003,5634,2023-12-03,Electronics,6,736.37,4418.22
1004,5075,2023-12-04,Electronics,3,510.27,1530.81
1005,5069,2023-12-05,Home & Kitchen,5,427.95,2139.75
1006,5983,2023-12-06,Home & Kitchen,9,684.57,6161.13
1007,5682,2023-12-07,Home & Kitchen,4,472.76,1891.04
1008,5880,2023-12-08,Clothing,1,786.75,786.75
1009,5989,2023-12-09,Toys,9,691.06,6219.54
1010,5641,2023-12-10,Home & Kitchen,9,267.06,2403.54
1011,5232,2023-12-11,Electronics,2,542.76,1085.52
1012,5292,2023-12-12,Toys,3,944.15,2832.45
1013,5732,2023-12-13,Electronics,2,134.57,269.14
1014,5572,2023-12-14,Toys,2,252.61,505.22
1015,5007,2023-12-15,Home & Kitchen,8,297.05,2376.4
1016,5373,2023-12-16,Home & Kitchen,3,267.43,802.29
1017,5102,2023-12-17,Toys,5,569.19,2845.95
1018,5002,2023-12-18,Clothing,9,396.99,3572.91
1019,5656,2023-12-19,Toys,9,30.65,275.85
1020,5053,2023-12-20,Toys,3,619.19,1857.57
1021,5172,2023-12-21,Toys,1,675.52,675.52
1022,5912,2023-12-22,Home & Kitchen,9,217.69,1959.21
1023,5234,2023-12-23,Clothing,7,695.79,4870.53
1024,5995,2023-12-24,Electronics,4,987.78,3951.12
1025,5860,2023-12-25,Home & Kitchen,1,693.06,693.06
1026,5828,2023-12-26,Toys,6,660.34,3962.04
1027,5103,2023-12-27,Toys,6,475.19,2851.14
1028,5870,2023-12-28,Home & Kitchen,1,257.42,257.42
1029,5200,2023-12-29,Clothing,6,710.46,4262.76
1030,5383,2023-12-30,Clothing,3,220.83,662.49
1031,5079,2023-12-31,Books,8,971.37,7770.96
1032,5778,2024-01-01,Toys,9,369.27,3323.43
1033,5833,2024-01-02,Electronics,3,743.59,2230.77
1034,5964,2024-01-03,Books,6,670.54,4023.24
1035,5645,2024-01-04,Home & Kitchen,1,504.65,504.65
1036,5090,2024-01-05,Clothing,1,183.39,183.39
1037,5807,2024-01-06,Home & Kitchen,5,597.81,2989.05
1038,5798,2024-01-07,Electronics,4,663.11,2652.44
1039,5695,2024-01-08,Clothing,2,259.44,518.88
1040,5520,2024-01-09,Home & Kitchen,1,771.56,771.56
1041,5395,2024-01-10,Toys,1,510.97,510.97
1042,5338,2024-01-11,Books,1,415.36,415.36
1043,5562,2024-01-12,Books,3,781.87,2345.61
1044,5967,2024-01-13,Clothing,2,455.5,911.0
1045,5216,2024-01-14,Home & Kitchen,4,645.68,2582.72
1046,5040,2024-01-15,Clothing,9,394.21,3547.89
1047,5737,2024-01-16,Home & Kitchen,3,586.46,1759.38
1048,5804,2024-01-17,Home & Kitchen,2,835.07,1670.14
1049,5280,2024-01-18,Toys,9,644.29,5798.61
1050,5278,2024-01-19,Electronics,3,19.21,57.63
1051,5931,2024-01-20,Toys,9,123.05,1107.45
1052,5550,2024-01-21,Electronics,3,81.58,244.74
1053,5372,2024-01-22,Electronics,6,534.1,3204.6
1054,5496,2024-01-23,Electronics,5,936.62,4683.1
1055,5153,2024-01-24,Books,2,194.69,389.38
1056,5881,2024-01-25,Clothing,4,684.75,2739.0
1057,5107,2024-01-26,Clothing,2,567.66,1135.32
1058,5062,2024-01-27,Toys,5,49.76,248.8
1059,5210,2024-01-28,Books,9,951.02,8559.18
1060,5687,2024-01-29,Electronics,7,986.55,6905.85
1061,5498,2024-01-30,Books,6,277.72,1666.32
1062,5838,2024-01-31,Books,2,984.38,1968.76
1063,5264,2024-02-01,Clothing,7,384.71,2692.97
1064,5569,2024-02-02,Books,5,500.04,2500.2
1065,5235,2024-02-03,Clothing,5,594.3,2971.5
1066,5626,2024-02-04,Toys,4,30.53,122.12
1067,5092,2024-02-05,Toys,7,110.08,770.56
1068,5394,2024-02-06,Books,5,554.81,2774.05
1069,5661,2024-02-07,Home & Kitchen,2,663.59,1327.18
1070,5032,2024-02-08,Books,3,228.8,686.4
1071,5298,2024-02-09,Books,6,530.03,3180.18
1072,5674,2024-02-10,Toys,5,381.04,1905.2
1073,5240,2024-02-11,Clothing,1,463.29,463.29
1074,5323,2024-02-12,Electronics,2,448.93,897.86
1075,5936,2024-02-13,Home & Kitchen,9,493.15,4438.35
1076,5216,2024-02-14,Electronics,3,297.48,892.44
1077,5797,2024-02-15,Home & Kitchen,8,603.2,4825.6
1078,5669,2024-02-16,Electronics,7,129.42,905.94
1079,5675,2024-02-17,Electronics,9,742.83,6685.47
1080,5692,2024-02-18,Clothing,7,501.17,3508.19
1081,5797,2024-02-19,Books,4,371.55,1486.2
1082,5060,2024-02-20,Home & Kitchen,6,617.39,3704.34
1083,5584,2024-02-21,Electronics,5,800.33,4001.65
1084,5281,2024-02-22,Home & Kitchen,8,368.96,2951.68
1085,5634,2024-02-23,Home & Kitchen,3,114.19,342.57
1086,5526,2024-02-24,Clothing,2,124.87,249.74
1087,5258,2024-02-25,Home & Kitchen,7,376.77,2637.39
1088,5068,2024-02-26,Electronics,6,78.5,471.0
1089,5037,2024-02-27,Toys,3,209.49,628.47
1090,5343,2024-02-28,Toys,4,411.88,1647.52
1091,5182,2024-02-29,Books,9,890.83,8017.47
1092,5817,2024-03-01,Books,8,974.54,7796.32
1093,5963,2024-03-02,Toys,8,167.34,1338.72
1094,5435,2024-03-03,Clothing,7,207.94,1455.58
1095,5822,2024-03-04,Electronics,6,535.58,3213.48
1096,5496,2024-03-05,Books,4,551.6,2206.4
1097,5333,2024-03-06,Clothing,7,144.89,1014.23
1098,5733,2024-03-07,Toys,2,876.02,1752.04
1099,5683,2024-03-08,Toys,7,374.71,2622.97
1100,5764,2024-03-09,Books,6,118.5,711.0
1101,5361,2024-03-10,Electronics,1,872.94,872.94
1102,5429,2024-03-11,Electronics,5,796.05,3980.25
1103,5476,2024-03-12,Toys,5,436.37,2181.85
1104,5338,2024-03-13,Home & Kitchen,9,459.67,4137.03
1105,5824,2024-03-14,Books,7,488.43,3419.01
1106,5263,2024-03-15,Clothing,5,248.73,1243.65
1107,5530,2024-03-16,Toys,3,475.88,1427.64
1108,5211,2024-03-17,Toys,5,236.89,1184.45
1109,5991,2024-03-18,Books,5,948.56,4742.8
1110,5511,2024-03-19,Toys,9,277.79,2500.11
1111,5275,2024-03-20,Electronics,7,239.89,1679.23
1112,5854,2024-03-21,Home & Kitchen,2,591.14,1182.28
1113,5441,2024-03-22,Toys,8,587.52,4700.16
1114,5898,2024-03-23,Books,3,253.63,760.89
1115,5075,2024-03-24,Books,6,489.06,2934.36
1116,5163,2024-03-25,Home & Kitchen,1,739.98,739.98
1117,5664,2024-03-26,Home & Kitchen,1,781.41,781.41
1118,5987,2024-03-27,Clothing,4,289.52,1158.08
1119,5212,2024-03-28,Books,7,161.91,1133.37
1120,5723,2024-03-29,Clothing,4,642.95,2571.8
1121,5817,2024-03-30,Toys,3,364.36,1093.08
1122,5955,2024-03-31,Home & Kitchen,1,358.78,358.78
1123,5274,2024-04-01,Electronics,2,307.74,615.48
1124,5223,2024-04-02,Toys,8,311.77,2494.16
1125,5064,2024-04-03,Books,1,632.82,632.82
1126,5579,2024-04-04,Clothing,7,141.2,988.4
1127,5302,2024-04-05,Clothing,4,46.59,186.36
1128,5382,2024-04-06,Home & Kitchen,3,714.32,2142.96
1129,5993,2024-04-07,Toys,4,665.21,2660.84
1130,5537,2024-04-08,Home & Kitchen,9,254.02,2286.18
1131,5208,2024-04-09,Clothing,1,657.98,657.98
1132,5005,2024-04-10,Electronics,9,118.11,1062.99
1133,5853,2024-04-11,Clothing,5,334.28,1671.4
1134,5507,2024-04-12,Books,2,994.68,1989.36
1135,5695,2024-04-13,Toys,5,826.32,4131.6
1136,5845,2024-04-14,Home & Kitchen,4,694.21,2776.84
1137,5814,2024-04-15,Books,1,421.61,421.61
1138,5750,2024-04-16,Home & Kitchen,1,128.93,128.93
1139,5879,2024-04-17,Electronics,2,675.74,1351.48
1140,5393,2024-04-18,Electronics,6,417.23,2503.38
1141,5426,2024-04-19,Electronics,8,602.78,4822.24
1142,5090,2024-04-20,Clothing,6,321.44,1928.64
1143,5401,2024-04-21,Toys,4,422.97,1691.88
1144,5134,2024-04-22,Clothing,1,13.31,13.31
1145,5141,2024-04-23,Home & Kitchen,1,56.17,56.17
1146,5463,2024-04-24,Electronics,5,704.69,3523.45
1147,5011,2024-04-25,Home & Kitchen,2,539.2,1078.4
1148,5725,2024-04-26,Toys,4,757.19,3028.76
1149,5811,2024-04-27,Toys,3,565.85,1697.55
1150,5945,2024-04-28,Clothing,5,993.63,4968.15
1151,5553,2024-04-29,Electronics,8,477.41,3819.28
1152,5182,2024-04-30,Electronics,1,62.17,62.17
1153,5297,2024-05-01,Toys,3,475.14,1425.42
1154,5043,2024-05-02,Books,8,657.98,5263.84
1155,5752,2024-05-03,Books,1,289.61,289.61
1156,5387,2024-05-04,Home & Kitchen,7,917.09,6419.63
1157,5046,2024-05-05,Books,9,738.06,6642.54
1158,5903,2024-05-06,Clothing,7,743.34,5203.38
1159,5496,2024-05-07,Home & Kitchen,1,571.33,571.33
1160,5140,2024-05-08,Home & Kitchen,4,45.97,183.88
1161,5579,2024-05-09,Books,3,519.04,1557.12
1162,5546,2024-05-10,Books,7,658.23,4607.61
1163,5954,2024-05-11,Toys,3,587.59,1762.77
1164,5781,2024-05-12,Electronics,9,791.93,7127.37
1165,5126,2024-05-13,Books,6,31.48,188.88
1166,5611,2024-05-14,Toys,3,718.92,2156.76
1167,5183,2024-05-15,Electronics,9,431.13,3880.17
1168,5988,2024-05-16,Electronics,2,945.56,1891.12
1169,5466,2024-05-17,Electronics,8,765.44,6123.52
1170,5958,2024-05-18,Home & Kitchen,4,225.51,902.04
1171,5809,2024-05-19,Home & Kitchen,8,980.61,7844.88
1172,5695,2024-05-20,Electronics,4,702.09,2808.36
1173,5758,2024-05-21,Home & Kitchen,2,927.22,1854.44
1174,5732,2024-05-22,Clothing,5,409.39,2046.95
1175,5947,2024-05-23,Electronics,4,726.25,2905.0
1176,5235,2024-05-24,Clothing,6,999.8,5998.8
1177,5184,2024-05-25,Home & Kitchen,3,495.18,1485.54
1178,5247,2024-05-26,Books,5,914.71,4573.55
1179,5413,2024-05-27,Electronics,6,151.82,910.92
1180,5874,2024-05-28,Books,9,365.37,3288.33
1181,5744,2024-05-29,Books,2,981.14,1962.28
1182,5425,2024-05-30,Books,1,664.9,664.9
1183,5458,2024-05-31,Toys,1,203.73,203.73
1184,5604,2024-06-01,Clothing,1,603.82,603.82
1185,5275,2024-06-02,Toys,6,222.01,1332.06
1186,5149,2024-06-03,Home & Kitchen,6,704.84,4229.04
1187,5746,2024-06-04,Clothing,9,792.22,7129.98
1188,5205,2024-06-05,Books,7,142.24,995.68
1189,5249,2024-06-06,Clothing,9,64.26,578.34
1190,5329,2024-06-07,Toys,6,238.4,1430.4
1191,5002,2024-06-08,Electronics,1,176.21,176.21
1192,5680,2024-06-09,Toys,9,994.09,8946.81
1193,5944,2024-06-10,Clothing,4,66.22,264.88
1194,5774,2024-06-11,Books,3,11.68,35.04
1195,5027,2024-06-12,Clothing,4,997.01,3988.04
1196,5510,2024-06-13,Clothing,2,269.21,538.42
1197,5835,2024-06-14,Toys,5,692.31,3461.55
1198,5403,2024-06-15,Clothing,5,693.01,3465.05
1199,5707,2024-06-16,Books,4,957.79,3831.16
1200,5171,2024-06-17,Clothing,4,224.64,898.56
1201,5524,2024-06-18,Home & Kitchen,6,771.6,4629.6
1202,5716,2024-06-19,Clothing,1,107.69,107.69
1203,5040,2024-06-20,Books,1,45.81,45.81
1204,5028,2024-06-21,Electronics,1,482.13,482.13
1205,5818,2024-06-22,Home & Kitchen,5,749.23,3746.15
1206,5221,2024-06-23,Home & Kitchen,8,365.6,2924.8
1207,5658,2024-06-24,Clothing,8,998.78,7990.24
1208,5242,2024-06-25,Toys,4,321.26,1285.04
1209,5290,2024-06-26,Home & Kitchen,5,364.62,1823.1
1210,5977,2024-06-27,Home & Kitchen,7,251.55,1760.85
1211,5671,2024-06-28,Home & Kitchen,8,73.2,585.6
1212,5135,2024-06-29,Home & Kitchen,1,854.91,854.91
1213,5520,2024-06-30,Books,5,974.04,4870.2
1214,5715,2024-07-01,Home & Kitchen,9,303.2,2728.8
1215,5015,2024-07-02,Home & Kitchen,1,713.38,713.38
1216,5522,2024-07-03,Electronics,3,171.91,515.73
1217,5519,2024-07-04,Home & Kitchen,2,958.8,1917.6
1218,5915,2024-07-05,Home & Kitchen,1,352.87,352.87
1219,5365,2024-07-06,Home & Kitchen,2,146.36,292.72
1220,5208,2024-07-07,Electronics,5,641.95,3209.75
1221,5176,2024-07-08,Home & Kitchen,3,837.63,2512.89
1222,5289,2024-07-09,Books,9,568.73,5118.57
1223,5041,2024-07-10,Books,8,777.48,6219.84
1224,5853,2024-07-11,Clothing,2,111.48,222.96
1225,5873,2024-07-12,Electronics,7,378.92,2652.44
1226,5902,2024-07-13,Books,9,600.91,5408.19
1227,5978,2024-07-14,Books,6,78.45,470.7
1228,5101,2024-07-15,Books,9,573.02,5157.18
1229,5301,2024-07-16,Home & Kitchen,8,815.52,6524.16
1230,5237,2024-07-17,Books,9,140.89,1268.01
1231,5058,2024-07-18,Toys,9,48.82,439.38
1232,5426,2024-07-19,Books,3,355.96,1067.88
1233,5282,2024-07-20,Books,3,602.7,1808.1
1234,5648,2024-07-21,Clothing,9,877.54,7897.86
1235,5551,2024-07-22,Toys,6,595.13,3570.78
1236,5985,2024-07-23,Toys,9,648.62,5837.58
1237,5702,2024-07-24,Clothing,2,653.84,1307.68
1238,5986,2024-07-25,Books,7,983.11,6881.77
1239,5044,2024-07-26,Toys,7,586.53,4105.71
1240,5939,2024-07-27,Clothing,1,563.56,563.56
1241,5871,2024-07-28,Books,7,273.84,1916.88
1242,5319,2024-07-29,Toys,8,808.35,6466.8
1243,5519,2024-07-30,Electronics,7,782.88,5480.16
1244,5422,2024-07-31,Clothing,3,280.06,840.18
1245,5659,2024-08-01,Clothing,9,96.67,870.03
1246,5638,2024-08-02,Clothing,3,358.86,1076.58
1247,5343,2024-08-03,Home & Kitchen,3,502.58,1507.74
1248,5060,2024-08-04,Books,7,477.15,3340.05
1249,5048,2024-08-05,Toys,8,703.34,5626.72
1250,5031,2024-08-06,Clothing,4,857.62,3430.48
1251,5131,2024-08-07,Electronics,5,748.21,3741.05
1252,5892,2024-08-08,Electronics,9,268.03,2412.27
1253,5214,2024-08-09,Clothing,6,872.08,5232.48
1254,5880,2024-08-10,Clothing,9,68.68,618.12
1255,5820,2024-08-11,Clothing,3,421.85,1265.55
1256,5105,2024-08-12,Toys,1,691.39,691.39
1257,5607,2024-08-13,Electronics,7,309.46,2166.22
1258,5194,2024-08-14,Toys,9,650.99,5858.91
1259,5308,2024-08-15,Books,8,553.47,4427.76
1260,5127,2024-08-16,Clothing,9,271.4,2442.6
1261,5965,2024-08-17,Clothing,3,927.4,2782.2
1262,5580,2024-08-18,Electronics,6,366.44,2198.64
1263,5061,2024-08-19,Home & Kitchen,5,237.21,1186.05
1264,5236,2024-08-20,Electronics,8,145.78,1166.24
1265,5943,2024-08-21,Toys,4,307.85,1231.4
1266,5726,2024-08-22,Books,3,179.11,537.33
1267,5470,2024-08-23,Electronics,9,882.46,7942.14
1268,5249,2024-08-24,Home & Kitchen,3,585.13,1755.39
1269,5862,2024-08-25,Toys,3,470.36,1411.08
1270,5841,2024-08-26,Books,8,617.97,4943.76
1271,5521,2024-08-27,Books,7,978.38,6848.66
1272,5089,2024-08-28,Electronics,4,245.33,981.32
1273,5907,2024-08-29,Books,4,301.56,1206.24
1274,5585,2024-08-30,Clothing,6,818.13,4908.78
1275,5910,2024-08-31,Electronics,6,210.67,1264.02
1276,5891,2024-09-01,Toys,7,524.21,3669.47
1277,5809,2024-09-02,Clothing,7,428.9,3002.3
1278,5052,2024-09-03,Home & Kitchen,9,874.77,7872.93
1279,5057,2024-09-04,Clothing,1,337.42,337.42
1280,5420,2024-09-05,Toys,3,506.69,1520.07
1281,5137,2024-09-06,Books,9,908.3,8174.7
1282,5450,2024-09-07,Electronics,2,691.03,1382.06
1283,5755,2024-09-08,Books,1,681.28,681.28
1284,5083,2024-09-09,Clothing,2,734.35,1468.7
1285,5420,2024-09-10,Books,2,674.24,1348.48
1286,5458,2024-09-11,Electronics,7,734.39,5140.73
1287,5212,2024-09-12,Home & Kitchen,8,135.04,1080.32
1288,5899,2024-09-13,Clothing,8,407.7,3261.6
1289,5703,2024-09-14,Clothing,6,824.02,4944.12
1290,5273,2024-09-15,Home & Kitchen,6,34.36,206.16
1291,5392,2024-09-16,Books,3,547.88,1643.64
1292,5840,2024-09-17,Home & Kitchen,4,517.23,2068.92
1293,5032,2024-09-18,Books,9,717.99,6461.91
1294,5730,2024-09-19,Electronics,4,698.57,2794.28
1295,5176,2024-09-20,Toys,7,347.83,2434.81
1296,5124,2024-09-21,Clothing,2,798.27,1596.54
1297,5251,2024-09-22,Electronics,1,101.76,101.76
1298,5685,2024-09-23,Toys,1,275.85,275.85
1299,5760,2024-09-24,Clothing,5,53.19,265.95
1300,5962,2024-09-25,Home & Kitchen,8,404.67,3237.36
1301,5299,2024-09-26,Home & Kitchen,3,736.72,2210.16
1302,5956,2024-09-27,Electronics,6,246.51,1479.06
1303,5117,2024-09-28,Toys,3,128.16,384.48
1304,5466,2024-09-29,Clothing,9,260.03,2340.27
1305,5598,2024-09-30,Electronics,4,57.4,229.6
1306,5877,2024-10-01,Home & Kitchen,4,867.46,3469.84
1307,5373,2024-10-02,Books,1,518.32,518.32
1308,5406,2024-10-03,Electronics,8,968.28,7746.24
1309,5821,2024-10-04,Clothing,7,747.75,5234.25
1310,5719,2024-10-05,Clothing,2,434.68,869.36
1311,5951,2024-10-06,Books,6,964.81,5788.86
1312,5855,2024-10-07,Books,9,654.35,5889.15
1313,5026,2024-10-08,Books,1,216.81,216.81
1314,5900,2024-10-09,Home & Kitchen,1,532.56,532.56
1315,5286,2024-10-10,Books,7,995.61,6969.27
1316,5937,2024-10-11,Home & Kitchen,6,743.58,4461.48
1317,5383,2024-10-12,Clothing,7,575.67,4029.69
1318,5009,2024-10-13,Electronics,9,933.61,8402.49
1319,5657,2024-10-14,Electronics,9,69.23,623.07
1320,5592,2024-10-15,Clothing,8,285.21,2281.68
1321,5513,2024-10-16,Clothing,9,135.25,1217.25
1322,5632,2024-10-17,Home & Kitchen,2,413.2,826.4
1323,5811,2024-10-18,Toys,1,205.62,205.62
1324,5770,2024-10-19,Home & Kitchen,1,463.98,463.98
1325,5161,2024-10-20,Home & Kitchen,1,946.34,946.34
1326,5155,2024-10-21,Clothing,5,852.26,4261.3
1327,5498,2024-10-22,Home & Kitchen,9,208.76,1878.84
1328,5027,2024-10-23,Electronics,6,860.57,5163.42
1329,5284,2024-10-24,Home & Kitchen,6,207.77,1246.62
1330,5952,2024-10-25,Clothing,4,778.81,3115.24
1331,5674,2024-10-26,Clothing,3,796.16,2388.48
1332,5325,2024-10-27,Electronics,2,657.37,1314.74
1333,5702,2024-10-28,Clothing,1,198.98,198.98
1334,5997,2024-10-29,Toys,6,48.26,289.56
1335,5966,2024-10-30,Clothing,6,609.2,3655.2
1336,5978,2024-10-31,Books,3,913.95,2741.85
1337,5466,2024-11-01,Home & Kitchen,9,867.14,7804.26
1338,5904,2024-11-02,Toys,9,203.89,1835.01
1339,5885,2024-11-03,Clothing,5,36.04,180.2
1340,5890,2024-11-04,Toys,6,758.03,4548.18
1341,5149,2024-11-05,Books,7,73.39,513.73
1342,5525,2024-11-06,Electronics,1,947.76,947.76
1343,5888,2024-11-07,Books,7,480.53,3363.71
1344,5636,2024-11-08,Toys,3,108.9,326.7
1345,5711,2024-11-09,Books,3,945.88,2837.64
1346,5713,2024-11-10,Clothing,1,790.2,790.2
1347,5422,2024-11-11,Books,1,734.44,734.44
1348,5450,2024-11-12,Books,7,648.31,4538.17
1349,5060,2024-11-13,Toys,2,827.85,1655.7
1350,5480,2024-11-14,Clothing,6,651.02,3906.12
1351,5898,2024-11-15,Clothing,5,819.11,4095.55
1352,5997,2024-11-16,Toys,1,536.54,536.54
1353,5737,2024-11-17,Electronics,1,144.76,144.76
1354,5835,2024-11-18,Electronics,6,124.17,745.02
1355,5334,2024-11-19,Books,4,288.24,1152.96
1356,5342,2024-11-20,Electronics,2,719.16,1438.32
1357,5552,2024-11-21,Electronics,5,300.66,1503.3
1358,5008,2024-11-22,Electronics,4,501.22,2004.88
1359,5017,2024-11-23,Home & Kitchen,3,420.93,1262.79
1360,5998,2024-11-24,Clothing,3,645.17,1935.51
1361,5561,2024-11-25,Clothing,8,352.03,2816.24
1362,5179,2024-11-26,Clothing,2,76.57,153.14
1363,5294,2024-11-27,Home & Kitchen,6,271.16,1626.96
1364,5258,2024-11-28,Home & Kitchen,2,659.79,1319.58
1365,5669,2024-11-29,Electronics,2,155.56,311.12
1366,5164,2024-11-30,Books,1,49.28,49.28
1367,5118,2024-12-01,Home & Kitchen,5,677.3,3386.5
1368,5101,2024-12-02,Clothing,2,950.48,1900.96
1369,5905,2024-12-03,Electronics,6,373.61,2241.66
1370,5426,2024-12-04,Electronics,5,410.14,2050.7
1371,5464,2024-12-05,Toys,9,283.3,2549.7
1372,5325,2024-12-06,Books,2,44.12,88.24
1373,5328,2024-12-07,Toys,7,761.24,5328.68
1374,5421,2024-12-08,Clothing,9,103.08,927.72
1375,5958,2024-12-09,Home & Kitchen,1,119.9,119.9
1376,5607,2024-12-10,Toys,9,227.54,2047.86
1377,5971,2024-12-11,Toys,6,712.08,4272.48
1378,5296,2024-12-12,Home & Kitchen,1,296.28,296.28
1379,5637,2024-12-13,Electronics,4,44.47,177.88
1380,5171,2024-12-14,Toys,1,296.94,296.94
1381,5808,2024-12-15,Toys,3,204.96,614.88
1382,5929,2024-12-16,Home & Kitchen,6,740.38,4442.28
1383,5588,2024-12-17,Books,4,335.61,1342.44
1384,5957,2024-12-18,Toys,1,185.61,185.61
1385,5452,2024-12-19,Home & Kitchen,7,140.23,981.61
1386,5894,2024-12-20,Toys,9,251.81,2266.29
1387,5861,2024-12-21,Clothing,1,228.6,228.6
1388,5393,2024-12-22,Books,3,237.46,712.38
1389,5560,2024-12-23,Home & Kitchen,7,852.98,5970.86
1390,5454,2024-12-24,Electronics,9,259.26,2333.34
1391,5461,2024-12-25,Electronics,2,340.42,680.84
1392,5721,2024-12-26,Toys,6,951.07,5706.42
1393,5828,2024-12-27,Books,8,618.85,4950.8
1394,5596,2024-12-28,Toys,3,555.0,1665.0
1395,5291,2024-12-29,Electronics,6,399.03,2394.18
1396,5809,2024-12-30,Books,8,535.7,4285.6
1397,5364,2024-12-31,Electronics,3,719.39,2158.17
1398,5455,2025-01-01,Toys,4,104.97,419.88
1399,5348,2025-01-02,Toys,4,953.3,3813.2
1400,5210,2025-01-03,Books,8,40.4,323.2
1401,5004,2025-01-04,Clothing,4,448.66,1794.64
1402,5832,2025-01-05,Clothing,7,429.6,3007.2
1403,5072,2025-01-06,Electronics,1,296.66,296.66
1404,5823,2025-01-07,Clothing,2,863.58,1727.16
1405,5972,2025-01-08,Clothing,7,894.87,6264.09
1406,5023,2025-01-09,Electronics,4,897.64,3590.56
1407,5578,2025-01-10,Electronics,8,868.8,6950.4
1408,5010,2025-01-11,Toys,3,717.7,2153.1
1409,5530,2025-01-12,Electronics,7,995.36,6967.52
1410,5487,2025-01-13,Books,7,162.01,1134.07
1411,5465,2025-01-14,Home & Kitchen,1,84.98,84.98
1412,5626,2025-01-15,Clothing,4,142.84,571.36
1413,5965,2025-01-16,Home & Kitchen,1,331.83,331.83
1414,5269,2025-01-17,Home & Kitchen,7,532.22,3725.54
1415,5955,2025-01-18,Toys,9,392.49,3532.41
1416,5699,2025-01-19,Clothing,2,945.09,1890.18
1417,5117,2025-01-20,Clothing,1,249.75,249.75
1418,5467,2025-01-21,Electronics,6,174.48,1046.88
1419,5744,2025-01-22,Books,9,764.75,6882.75
1420,5485,2025-01-23,Home & Kitchen,1,803.32,803.32
1421,5075,2025-01-24,Home & Kitchen,3,163.37,490.11
1422,5799,2025-01-25,Toys,9,513.9,4625.1
1423,5377,2025-01-26,Clothing,6,575.59,3453.54
1424,5716,2025-01-27,Electronics,9,598.04,5382.36
1425,5971,2025-01-28,Home & Kitchen,6,582.15,3492.9
1426,5475,2025-01-29,Toys,1,466.01,466.01
1427,5497,2025-01-30,Books,9,384.81,3463.29
1428,5809,2025-01-31,Clothing,4,883.53,3534.12
1429,5794,2025-02-01,Books,3,302.67,908.01
1430,5011,2025-02-02,Toys,1,735.06,735.06
1431,5336,2025-02-03,Home & Kitchen,5,497.44,2487.2
1432,5311,2025-02-04,Electronics,1,53.54,53.54
1433,5108,2025-02-05,Clothing,5,748.44,3742.2
1434,5091,2025-02-06,Toys,4,99.62,398.48
1435,5330,2025-02-07,Books,6,31.33,187.98
1436,5230,2025-02-08,Home & Kitchen,2,279.73,559.46
1437,5638,2025-02-09,Books,3,447.13,1341.39
1438,5509,2025-02-10,Home & Kitchen,6,308.91,1853.46
1439,5726,2025-02-11,Home & Kitchen,9,33.39,300.51
1440,5117,2025-02-12,Electronics,1,303.12,303.12
1441,5084,2025-02-13,Clothing,9,729.72,6567.48
1442,5457,2025-02-14,Home & Kitchen,1,334.89,334.89
1443,5065,2025-02-15,Home & Kitchen,2,731.66,1463.32
1444,5359,2025-02-16,Clothing,5,782.86,3914.3
1445,5450,2025-02-17,Clothing,2,814.04,1628.08
1446,5459,2025-02-18,Toys,8,194.31,1554.48
1447,5524,2025-02-19,Toys,1,868.31,868.31
1448,5888,2025-02-20,Electronics,6,687.61,4125.66
1449,5680,2025-02-21,Home & Kitchen,3,383.31,1149.93
1450,5623,2025-02-22,Toys,3,325.43,976.29
1451,5610,2025-02-23,Clothing,1,407.21,407.21
1452,5890,2025-02-24,Toys,5,956.82,4784.1
1453,5002,2025-02-25,Home & Kitchen,8,823.05,6584.4
1454,5335,2025-02-26,Books,7,909.86,6369.02
1455,5922,2025-02-27,Clothing,8,871.31,6970.48
1456,5659,2025-02-28,Toys,2,664.58,1329.16
1457,5189,2025-03-01,Home & Kitchen,5,743.52,3717.6
1458,5441,2025-03-02,Books,6,78.09,468.54
1459,5001,2025-03-03,Home & Kitchen,3,706.83,2120.49
1460,5639,2025-03-04,Toys,7,732.55,5127.85
1461,5883,2025-03-05,Toys,7,634.75,4443.25
1462,5985,2025-03-06,Electronics,6,401.8,2410.8
1463,5640,2025-03-07,Clothing,1,607.47,607.47
1464,5867,2025-03-08,Electronics,7,582.29,4076.03
1465,5432,2025-03-09,Toys,3,11.78,35.34
1466,5186,2025-03-10,Books,9,384.7,3462.3
1467,5980,2025-03-11,Electronics,1,19.57,19.57
1468,5148,2025-03-12,Clothing,4,561.48,2245.92
1469,5946,2025-03-13,Clothing,3,311.06,933.18
1470,5875,2025-03-14,Home & Kitchen,5,713.97,3569.85
1471,5112,2025-03-15,Home & Kitchen,3,279.69,839.07
1472,5862,2025-03-16,Books,9,742.11,6678.99
1473,5351,2025-03-17,Books,5,194.74,973.7
1474,5035,2025-03-18,Electronics,4,46.11,184.44
1475,5319,2025-03-19,Clothing,9,771.52,6943.68
1476,5216,2025-03-20,Toys,8,135.82,1086.56
1477,5390,2025-03-21,Electronics,2,553.08,1106.16
1478,5071,2025-03-22,Books,3,442.96,1328.88
1479,5831,2025-03-23,Electronics,9,721.87,6496.83
1480,5062,2025-03-24,Books,7,789.85,5528.95
1481,5219,2025-03-25,Electronics,4,128.25,513.0
1482,5048,2025-03-26,Home & Kitchen,1,164.8,164.8
1483,5336,2025-03-27,Toys,3,45.41,136.23
1484,5410,2025-03-28,Home & Kitchen,9,425.06,3825.54
1485,5375,2025-03-29,Home & Kitchen,3,550.23,1650.69
1486,5803,2025-03-30,Electronics,7,918.43,6429.01
1487,5494,2025-03-31,Books,9,158.4,1425.6
1488,5825,2025-04-01,Clothing,1,58.32,58.32
1489,5481,2025-04-02,Toys,4,802.61,3210.44
1490,5877,2025-04-03,Electronics,1,441.52,441.52
1491,5940,2025-04-04,Home & Kitchen,7,611.87,4283.09
1492,5762,2025-04-05,Clothing,7,550.66,3854.62
1493,5141,2025-04-06,Books,2,81.68,163.36
1494,5604,2025-04-07,Books,1,564.55,564.55
1495,5123,2025-04-08,Home & Kitchen,3,616.82,1850.46
1496,5808,2025-04-09,Books,2,318.76,637.52
1497,5237,2025-04-10,Toys,8,752.83,6022.64
1498,5740,2025-04-11,Home & Kitchen,1,763.05,763.05
1499,5325,2025-04-12,Toys,6,121.66,729.96
1500,5532,2025-04-13,Books,8,910.22,7281.76
1501,5378,2025-04-14,Electronics,6,295.33,1771.98
1502,5941,2025-04-15,Toys,6,812.33,4873.98
1503,5967,2025-04-16,Electronics,3,372.93,1118.79
1504,5514,2025-04-17,Books,3,723.42,2170.26
1505,5532,2025-04-18,Electronics,4,227.0,908.0
1506,5138,2025-04-19,Electronics,4,562.14,2248.56
1507,5608,2025-04-20,Toys,1,529.39,529.39
1508,5846,2025-04-21,Clothing,6,100.57,603.42
1509,5434,2025-04-22,Home & Kitchen,3,179.29,537.87
1510,5271,2025-04-23,Books,1,858.48,858.48
1511,5530,2025-04-24,Electronics,6,818.64,4911.84
1512,5724,2025-04-25,Clothing,1,500.18,500.18
1513,5229,2025-04-26,Electronics,6,547.81,3286.86
1514,5190,2025-04-27,Toys,2,766.68,1533.36
1515,5747,2025-04-28,Clothing,9,202.97,1826.73
1516,5361,2025-04-29,Toys,4,797.74,3190.96
1517,5179,2025-04-30,Home & Kitchen,8,46.41,371.28
1518,5124,2025-05-01,Electronics,8,69.68,557.44
1519,5135,2025-05-02,Electronics,6,201.7,1210.2
1520,5541,2025-05-03,Electronics,1,241.46,241.46
1521,5346,2025-05-04,Home & Kitchen,2,491.59,983.18
1522,5846,2025-05-05,Toys,4,718.59,2874.36
1523,5783,2025-05-06,Electronics,9,922.44,8301.96
1524,5724,2025-05-07,Books,8,335.32,2682.56
1525,5249,2025-05-08,Electronics,5,156.97,784.85
1526,5105,2025-05-09,Clothing,6,91.17,547.02
1527,5133,2025-05-10,Books,9,198.15,1783.35
1528,5620,2025-05-11,Books,3,670.64,2011.92
1529,5250,2025-05-12,Books,2,216.34,432.68
1530,5501,2025-05-13,Home & Kitchen,8,461.44,3691.52
1531,5582,2025-05-14,Books,7,187.34,1311.38
1532,5394,2025-05-15,Toys,7,312.0,2184.0
1533,5445,2025-05-16,Books,1,312.37,312.37
1534,5719,2025-05-17,Electronics,9,329.44,2964.96
1535,5840,2025-05-18,Electronics,3,65.23,195.69
1536,5211,2025-05-19,Home & Kitchen,5,755.66,3778.3
1537,5586,2025-05-20,Electronics,4,754.92,3019.68
1538,5146,2025-05-21,Books,5,498.01,2490.05
1539,5889,2025-05-22,Home & Kitchen,9,283.53,2551.77
1540,5729,2025-05-23,Toys,2,930.7,1861.4
1541,5277,2025-05-24,Electronics,5,825.81,4129.05
1542,5667,2025-05-25,Toys,9,347.43,3126.87
1543,5650,2025-05-26,Books,5,856.12,4280.6
1544,5925,2025-05-27,Electronics,7,893.39,6253.73
1545,5575,2025-05-28,Electronics,5,235.92,1179.6
1546,5571,2025-05-29,Clothing,9,364.61,3281.49
1547,5946,2025-05-30,Books,2,319.07,638.14
1548,5112,2025-05-31,Home & Kitchen,1,359.86,359.86
1549,5273,2025-06-01,Home & Kitchen,6,748.31,4489.86
1550,5623,2025-06-02,Clothing,4,734.25,2937.0
1551,5543,2025-06-03,Electronics,6,191.04,1146.24
1552,5932,2025-06-04,Books,9,620.35,5583.15
1553,5040,2025-06-05,Home & Kitchen,9,299.8,2698.2
1554,5610,2025-06-06,Toys,2,696.46,1392.92
1555,5486,2025-06-07,Home & Kitchen,5,986.98,4934.9
1556,5944,2025-06-08,Home & Kitchen,5,839.37,4196.85
1557,5229,2025-06-09,Clothing,3,38.74,116.22
1558,5259,2025-06-10,Electronics,4,906.82,3627.28
1559,5049,2025-06-11,Toys,4,494.51,1978.04
1560,5139,2025-06-12,Toys,2,278.94,557.88
1561,5513,2025-06-13,Clothing,7,344.31,2410.17
1562,5745,2025-06-14,Electronics,9,440.88,3967.92
1563,5141,2025-06-15,Electronics,6,988.87,5933.22
1564,5034,2025-06-16,Toys,5,326.93,1634.65
1565,5425,2025-06-17,Electronics,4,398.99,1595.96
1566,5722,2025-06-18,Home & Kitchen,2,591.05,1182.1
1567,5314,2025-06-19,Books,2,370.34,740.68
1568,5766,2025-06-20,Electronics,6,771.67,4630.02
1569,5695,2025-06-21,Books,2,958.04,1916.08
1570,5195,2025-06-22,Electronics,1,163.09,163.09
1571,5742,2025-06-23,Clothing,9,94.17,847.53
1572,5664,2025-06-24,Toys,5,693.73,3468.65
1573,5552,2025-06-25,Clothing,7,56.06,392.42
1574,5236,2025-06-26,Electronics,9,943.61,8492.49
1575,5551,2025-06-27,Electronics,5,992.43,4962.15
1576,5160,2025-06-28,Books,6,83.71,502.26
1577,5320,2025-06-29,Books,2,720.06,1440.12
1578,5300,2025-06-30,Electronics,2,653.33,1306.66
1579,5758,2025-07-01,Home & Kitchen,5,125.41,627.05
1580,5396,2025-07-02,Electronics,5,279.49,1397.45
1581,5126,2025-07-03,Books,8,616.58,4932.64
1582,5636,2025-07-04,Books,9,105.33,947.97
1583,5264,2025-07-05,Electronics,3,825.05,2475.15
1584,5719,2025-07-06,Electronics,4,843.2,3372.8
1585,5565,2025-07-07,Toys,3,122.94,368.82
1586,5765,2025-07-08,Electronics,6,247.46,1484.76
1587,5446,2025-07-09,Books,7,806.1,5642.7
1588,5396,2025-07-10,Books,1,859.73,859.73
1589,5705,2025-07-11,Books,1,636.44,636.44
1590,5008,2025-07-12,Home & Kitchen,2,312.08,624.16
1591,5149,2025-07-13,Toys,7,979.77,6858.39
1592,5380,2025-07-14,Books,5,624.14,3120.7
1593,5497,2025-07-15,Clothing,2,674.71,1349.42
1594,5986,2025-07-16,Clothing,4,261.1,1044.4
1595,5999,2025-07-17,Clothing,8,259.59,2076.72
1596,5523,2025-07-18,Home & Kitchen,8,675.64,5405.12
1597,5188,2025-07-19,Books,3,804.23,2412.69
1598,5686,2025-07-20,Toys,9,895.18,8056.62
1599,5528,2025-07-21,Clothing,2,765.54,1531.08
1600,5163,2025-07-22,Home & Kitchen,1,304.35,304.35
1601,5541,2025-07-23,Home & Kitchen,4,221.45,885.8
1602,5256,2025-07-24,Electronics,6,950.55,5703.3
1603,5923,2025-07-25,Electronics,4,108.17,432.68
1604,5499,2025-07-26,Toys,3,316.22,948.66
1605,5591,2025-07-27,Books,7,792.8,5549.6
1606,5995,2025-07-28,Electronics,8,362.65,2901.2
1607,5005,2025-07-29,Home & Kitchen,6,363.68,2182.08
1608,5270,2025-07-30,Clothing,7,935.61,6549.27
1609,5031,2025-07-31,Books,2,298.61,597.22
1610,5227,2025-08-01,Electronics,7,375.69,2629.83
1611,5494,2025-08-02,Electronics,7,517.14,3619.98
1612,5034,2025-08-03,Books,5,280.99,1404.95
1613,5840,2025-08-04,Books,5,816.85,4084.25
1614,5322,2025-08-05,Electronics,6,188.09,1128.54
1615,5674,2025-08-06,Electronics,8,598.2,4785.6
1616,5045,2025-08-07,Home & Kitchen,1,417.1,417.1
1617,5646,2025-08-08,Electronics,5,860.58,4302.9
1618,5193,2025-08-09,Electronics,2,265.06,530.12
1619,5169,2025-08-10,Clothing,2,703.78,1407.56
1620,5851,2025-08-11,Clothing,7,655.75,4590.25
1621,5024,2025-08-12,Home & Kitchen,6,985.33,5911.98
1622,5063,2025-08-13,Toys,6,116.45,698.7
1623,5616,2025-08-14,Clothing,7,493.37,3453.59
1624,5240,2025-08-15,Electronics,4,13.67,54.68
1625,5007,2025-08-16,Electronics,3,749.75,2249.25
1626,5753,2025-08-17,Toys,1,656.58,656.58
1627,5474,2025-08-18,Home & Kitchen,6,190.42,1142.52
1628,5194,2025-08-19,Home & Kitchen,2,100.29,200.58
1629,5696,2025-08-20,Toys,5,650.19,3250.95
1630,5451,2025-08-21,Clothing,2,174.8,349.6
1631,5820,2025-08-22,Clothing,5,677.41,3387.05
1632,5118,2025-08-23,Toys,3,123.88,371.64
1633,5385,2025-08-24,Books,4,509.41,2037.64
1634,5718,2025-08-25,Home & Kitchen,9,15.86,142.74
1635,5877,2025-08-26,Home & Kitchen,1,208.52,208.52
1636,5840,2025-08-27,Home & Kitchen,4,422.2,1688.8
1637,5919,2025-08-28,Toys,5,18.16,90.8
1638,5218,2025-08-29,Home & Kitchen,7,88.31,618.17
1639,5509,2025-08-30,Toys,7,91.95,643.65
1640,5009,2025-08-31,Clothing,7,556.94,3898.58
1641,5632,2025-09-01,Books,3,61.83,185.49
1642,5929,2025-09-02,Books,3,506.13,1518.39
1643,5797,2025-09-03,Clothing,9,158.04,1422.36
1644,5100,2025-09-04,Home & Kitchen,7,789.9,5529.3
1645,5998,2025-09-05,Toys,1,704.18,704.18
1646,5837,2025-09-06,Home & Kitchen,2,464.31,928.62
1647,5468,2025-09-07,Toys,9,746.67,6720.03
1648,5223,2025-09-08,Clothing,7,403.95,2827.65
1649,5559,2025-09-09,Toys,2,927.65,1855.3
1650,5215,2025-09-10,Clothing,9,655.29,5897.61
1651,5402,2025-09-11,Electronics,4,61.49,245.96
1652,5388,2025-09-12,Home & Kitchen,9,192.22,1729.98
1653,5136,2025-09-13,Toys,2,682.48,1364.96
1654,5907,2025-09-14,Books,8,476.09,3808.72
1655,5201,2025-09-15,Home & Kitchen,8,749.5,5996.0
1656,5890,2025-09-16,Books,5,969.87,4849.35
1657,5649,2025-09-17,Electronics,3,972.52,2917.56
1658,5098,2025-09-18,Electronics,1,517.62,517.62
1659,5251,2025-09-19,Clothing,4,146.87,587.48
1660,5480,2025-09-20,Electronics,4,141.04,564.16
1661,5365,2025-09-21,Clothing,2,46.83,93.66
1662,5068,2025-09-22,Toys,9,326.67,2940.03
1663,5498,2025-09-23,Clothing,1,53.09,53.09
1664,5221,2025-09-24,Clothing,5,940.11,4700.55
1665,5483,2025-09-25,Clothing,8,638.13,5105.04
1666,5192,2025-09-26,Clothing,7,537.77,3764.39
1667,5390,2025-09-27,Clothing,5,276.84,1384.2
1668,5312,2025-09-28,Home & Kitchen,3,638.69,1916.07
1669,5468,2025-09-29,Toys,7,389.92,2729.44
1670,5757,2025-09-30,Clothing,9,170.76,1536.84
1671,5957,2025-10-01,Electronics,9,69.57,626.13
1672,5040,2025-10-02,Toys,7,848.1,5936.7
1673,5133,2025-10-03,Clothing,3,411.13,1233.39
1674,5845,2025-10-04,Electronics,3,416.54,1249.62
1675,5886,2025-10-05,Electronics,2,333.01,666.02
1676,5155,2025-10-06,Books,9,509.1,4581.9
1677,5286,2025-10-07,Home & Kitchen,8,126.42,1011.36
1678,5229,2025-10-08,Books,1,197.24,197.24
1679,5555,2025-10-09,Books,3,990.25,2970.75
1680,5763,2025-10-10,Home & Kitchen,4,283.49,1133.96
1681,5850,2025-10-11,Toys,8,31.86,254.88
1682,5462,2025-10-12,Clothing,2,815.74,1631.48
1683,5049,2025-10-13,Books,6,39.67,238.02
1684,5388,2025-10-14,Toys,8,503.6,4028.8
1685,5035,2025-10-15,Books,7,851.38,5959.66
1686,5135,2025-10-16,Books,1,575.78,575.78
1687,5103,2025-10-17,Toys,2,87.79,175.58
1688,5814,2025-10-18,Clothing,2,746.11,1492.22
1689,5333,2025-10-19,Electronics,8,367.76,2942.08
1690,5091,2025-10-20,Clothing,4,458.78,1835.12
1691,5729,2025-10-21,Toys,4,490.13,1960.52
1692,5117,2025-10-22,Books,2,313.35,626.7
1693,5477,2025-10-23,Toys,9,811.72,7305.48
1694,5154,2025-10-24,Books,9,454.04,4086.36
1695,5923,2025-10-25,Clothing,3,862.56,2587.68
1696,5224,2025-10-26,Toys,4,361.93,1447.72
1697,5254,2025-10-27,Home & Kitchen,7,982.74,6879.18
1698,5401,2025-10-28,Clothing,8,441.48,3531.84
1699,5933,2025-10-29,Clothing,4,883.66,3534.64
1700,5381,2025-10-30,Electronics,5,878.15,4390.75
1701,5708,2025-10-31,Clothing,8,660.94,5287.52
1702,5972,2025-11-01,Clothing,7,397.04,2779.28
1703,5296,2025-11-02,Home & Kitchen,1,990.03,990.03
1704,5440,2025-11-03,Toys,5,621.66,3108.3
1705,5382,2025-11-04,Books,5,533.59,2667.95
1706,5351,2025-11-05,Clothing,1,466.38,466.38
1707,5501,2025-11-06,Clothing,9,353.24,3179.16
1708,5769,2025-11-07,Toys,6,672.22,4033.32
1709,5084,2025-11-08,Home & Kitchen,4,546.6,2186.4
1710,5844,2025-11-09,Books,3,701.04,2103.12
1711,5564,2025-11-10,Books,3,703.3,2109.9
1712,5337,2025-11-11,Electronics,3,747.84,2243.52
1713,5905,2025-11-12,Clothing,5,629.95,3149.75
1714,5061,2025-11-13,Electronics,8,55.73,445.84
1715,5443,2025-11-14,Electronics,5,645.11,3225.55
1716,5269,2025-11-15,Home & Kitchen,5,730.84,3654.2
1717,5447,2025-11-16,Books,7,291.04,2037.28
1718,5868,2025-11-17,Books,8,997.7,7981.6
1719,5615,2025-11-18,Toys,5,68.72,343.6
1720,5323,2025-11-19,Home & Kitchen,1,77.5,77.5
1721,5696,2025-11-20,Toys,5,480.53,2402.65
1722,5066,2025-11-21,Home & Kitchen,4,587.12,2348.48
1723,5291,2025-11-22,Books,2,80.31,160.62
1724,5654,2025-11-23,Clothing,3,517.91,1553.73
1725,5438,2025-11-24,Toys,2,268.39,536.78
1726,5882,2025-11-25,Home & Kitchen,4,972.09,3888.36
1727,5688,2025-11-26,Home & Kitchen,8,265.36,2122.88
1728,5258,2025-11-27,Toys,4,359.29,1437.16
1729,5407,2025-11-28,Home & Kitchen,2,355.7,711.4
1730,5559,2025-11-29,Electronics,7,698.34,4888.38
1731,5879,2025-11-30,Electronics,8,862.85,6902.8
1732,5302,2025-12-01,Clothing,3,707.88,2123.64
1733,5885,2025-12-02,Books,4,345.37,1381.48
1734,5436,2025-12-03,Electronics,1,772.63,772.63
1735,5290,2025-12-04,Home & Kitchen,1,77.28,77.28
1736,5436,2025-12-05,Clothing,1,775.02,775.02
1737,5451,2025-12-06,Electronics,6,136.8,820.8
1738,5881,2025-12-07,Clothing,6,187.28,1123.68
1739,5229,2025-12-08,Home & Kitchen,4,646.26,2585.04
1740,5582,2025-12-09,Toys,4,359.9,1439.6
1741,5025,2025-12-10,Books,8,453.99,3631.92
1742,5896,2025-12-11,Home & Kitchen,4,564.51,2258.04
1743,5552,2025-12-12,Home & Kitchen,2,173.47,346.94
1744,5981,2025-12-13,Electronics,4,75.05,300.2
1745,5885,2025-12-14,Clothing,3,152.58,457.74
1746,5628,2025-12-15,Toys,2,50.32,100.64
1747,5120,2025-12-16,Clothing,8,273.64,2189.12
1748,5307,2025-12-17,Home & Kitchen,6,987.82,5926.92
1749,5155,2025-12-18,Electronics,3,945.96,2837.88
1750,5271,2025-12-19,Clothing,4,751.95,3007.8
1751,5156,2025-12-20,Toys,9,543.99,4895.91
1752,5978,2025-12-21,Clothing,2,476.98,953.96
1753,5021,2025-12-22,Books,5,420.87,2104.35
1754,5059,2025-12-23,Books,7,528.0,3696.0
1755,5643,2025-12-24,Home & Kitchen,4,772.85,3091.4
1756,5895,2025-12-25,Books,2,195.25,390.5
1757,5688,2025-12-26,Toys,7,185.84,1300.88
1758,5661,2025-12-27,Electronics,9,410.29,3692.61
1759,5726,2025-12-28,Clothing,5,672.93,3364.65
1760,5392,2025-12-29,Electronics,4,374.16,1496.64
1761,5588,2025-12-30,Toys,8,22.06,176.48
1762,5510,2025-12-31,Electronics,3,962.35,2887.05
1763,5777,2026-01-01,Electronics,2,600.06,1200.12
1764,5273,2026-01-02,Clothing,6,916.17,5497.02
1765,5706,2026-01-03,Books,6,101.56,609.36
1766,5219,2026-01-04,Clothing,3,668.75,2006.25
1767,5077,2026-01-05,Toys,4,119.24,476.96
1768,5084,2026-01-06,Clothing,4,986.21,3944.84
1769,5474,2026-01-07,Books,3,231.11,693.33
1770,5776,2026-01-08,Books,6,688.9,4133.4
1771,5713,2026-01-09,Toys,4,852.38,3409.52
1772,5670,2026-01-10,Clothing,3,840.41,2521.23
1773,5757,2026-01-11,Home & Kitchen,5,230.09,1150.45
1774,5867,2026-01-12,Toys,5,404.02,2020.1
1775,5983,2026-01-13,Home & Kitchen,8,808.06,6464.48
1776,5962,2026-01-14,Electronics,6,312.42,1874.52
1777,5124,2026-01-15,Toys,4,241.01,964.04
1778,5566,2026-01-16,Books,3,479.85,1439.55
1779,5204,2026-01-17,Clothing,8,571.47,4571.76
1780,5704,2026-01-18,Electronics,6,420.31,2521.86
1781,5340,2026-01-19,Clothing,2,162.66,325.32
1782,5078,2026-01-20,Home & Kitchen,1,200.45,200.45
1783,5310,2026-01-21,Books,2,104.89,209.78
1784,5923,2026-01-22,Clothing,6,497.17,2983.02
1785,5751,2026-01-23,Books,5,23.81,119.05
1786,5324,2026-01-24,Books,1,508.64,508.64
1787,5116,2026-01-25,Electronics,7,785.35,5497.45
1788,5228,2026-01-26,Toys,3,630.15,1890.45
1789,5070,2026-01-27,Books,2,231.17,462.34
1790,5922,2026-01-28,Home & Kitchen,8,46.85,374.8
1791,5599,2026-01-29,Books,9,487.95,4391.55
1792,5371,2026-01-30,Clothing,8,282.49,2259.92
1793,5950,2026-01-31,Home & Kitchen,9,943.35,8490.15
1794,5750,2026-02-01,Electronics,7,214.55,1501.85
1795,5161,2026-02-02,Home & Kitchen,9,889.51,8005.59
1796,5394,2026-02-03,Toys,8,798.64,6389.12
1797,5241,2026-02-04,Home & Kitchen,1,955.71,955.71
1798,5031,2026-02-05,Books,4,813.49,3253.96
1799,5399,2026-02-06,Home & Kitchen,4,375.51,1502.04
1800,5822,2026-02-07,Books,6,339.3,2035.8
1801,5640,2026-02-08,Toys,3,424.87,1274.61
1802,5929,2026-02-09,Clothing,4,247.26,989.04
1803,5368,2026-02-10,Books,1,14.04,14.04
1804,5054,2026-02-11,Toys,4,485.01,1940.04
1805,5762,2026-02-12,Toys,1,894.32,894.32
1806,5634,2026-02-13,Electronics,2,392.13,784.26
1807,5740,2026-02-14,Clothing,2,684.62,1369.24
1808,5650,2026-02-15,Clothing,6,84.26,505.56
1809,5112,2026-02-16,Electronics,2,535.05,1070.1
1810,5739,2026-02-17,Clothing,2,730.6,1461.2
1811,5576,2026-02-18,Electronics,7,552.34,3866.38
1812,5209,2026-02-19,Home & Kitchen,1,776.73,776.73
1813,5732,2026-02-20,Electronics,5,265.92,1329.6
1814,5170,2026-02-21,Toys,5,322.21,1611.05
1815,5861,2026-02-22,Toys,7,422.42,2956.94
1816,5680,2026-02-23,Home & Kitchen,1,357.74,357.74
1817,5809,2026-02-24,Toys,5,834.68,4173.4
1818,5822,2026-02-25,Electronics,7,915.83,6410.81
1819,5452,2026-02-26,Clothing,2,242.12,484.24
1820,5132,2026-02-27,Toys,3,345.98,1037.94
1821,5112,2026-02-28,Clothing,6,357.64,2145.84
1822,5169,2026-03-01,Clothing,3,565.91,1697.73
1823,5787,2026-03-02,Clothing,3,776.33,2328.99
1824,5374,2026-03-03,Toys,5,34.49,172.45
1825,5173,2026-03-04,Toys,8,64.05,512.4
1826,5432,2026-03-05,Clothing,7,227.14,1589.98
1827,5688,2026-03-06,Books,3,415.62,1246.86
1828,5711,2026-03-07,Clothing,6,997.65,5985.9
1829,5962,2026-03-08,Clothing,6,599.75,3598.5
1830,5623,2026-03-09,Home & Kitchen,4,732.1,2928.4
1831,5379,2026-03-10,Books,8,514.64,4117.12
1832,5992,2026-03-11,Home & Kitchen,6,710.22,4261.32
1833,5075,2026-03-12,Books,9,837.07,7533.63
1834,5356,2026-03-13,Home & Kitchen,5,651.7,3258.5
1835,5523,2026-03-14,Books,1,418.74,418.74
1836,5021,2026-03-15,Home & Kitchen,9,754.02,6786.18
1837,5332,2026-03-16,Electronics,3,500.46,1501.38
1838,5859,2026-03-17,Clothing,1,139.34,139.34
1839,5865,2026-03-18,Clothing,4,617.55,2470.2
1840,5657,2026-03-19,Books,5,617.28,3086.4
1841,5222,2026-03-20,Clothing,7,578.95,4052.65
1842,5302,2026-03-21,Books,5,956.75,4783.75
1843,5689,2026-03-22,Home & Kitchen,9,890.88,8017.92
1844,5522,2026-03-23,Books,6,820.22,4921.32
1845,5516,2026-03-24,Toys,2,660.78,1321.56
1846,5638,2026-03-25,Toys,5,664.37,3321.85
1847,5803,2026-03-26,Electronics,9,861.48,7753.32
1848,5380,2026-03-27,Home & Kitchen,7,395.93,2771.51
1849,5225,2026-03-28,Home & Kitchen,4,279.98,1119.92
1850,5887,2026-03-29,Electronics,6,31.85,191.1
1851,5056,2026-03-30,Toys,9,489.1,4401.9
1852,5035,2026-03-31,Clothing,5,511.25,2556.25
1853,5785,2026-04-01,Toys,7,194.44,1361.08
1854,5935,2026-04-02,Home & Kitchen,1,862.25,862.25
1855,5571,2026-04-03,Toys,6,941.92,5651.52
1856,5819,2026-04-04,Clothing,9,937.98,8441.82
1857,5128,2026-04-05,Toys,3,164.14,492.42
1858,5112,2026-04-06,Clothing,2,475.4,950.8
1859,5241,2026-04-07,Clothing,7,538.5,3769.5
1860,5448,2026-04-08,Books,4,364.37,1457.48
1861,5752,2026-04-09,Home & Kitchen,3,295.83,887.49
1862,5838,2026-04-10,Clothing,5,825.96,4129.8
1863,5514,2026-04-11,Electronics,9,738.35,6645.15
1864,5285,2026-04-12,Home & Kitchen,6,997.8,5986.8
1865,5092,2026-04-13,Toys,9,683.77,6153.93
1866,5605,2026-04-14,Home & Kitchen,9,308.75,2778.75
1867,5805,2026-04-15,Books,1,83.33,83.33
1868,5380,2026-04-16,Books,6,862.88,5177.28
1869,5228,2026-04-17,Books,4,886.57,3546.28
1870,5829,2026-04-18,Clothing,3,720.93,2162.79
1871,5976,2026-04-19,Books,5,792.93,3964.65
1872,5819,2026-04-20,Home & Kitchen,9,195.14,1756.26
1873,5477,2026-04-21,Electronics,7,437.37,3061.59
1874,5916,2026-04-22,Toys,4,831.66,3326.64
1875,5948,2026-04-23,Clothing,8,572.53,4580.24
1876,5193,2026-04-24,Home & Kitchen,5,275.17,1375.85
1877,5783,2026-04-25,Toys,3,102.9,308.7
1878,5220,2026-04-26,Home & Kitchen,9,535.75,4821.75
1879,5947,2026-04-27,Books,1,816.11,816.11
1880,5955,2026-04-28,Toys,8,378.57,3028.56
1881,5820,2026-04-29,Books,3,89.33,267.99
1882,5580,2026-04-30,Books,3,65.99,197.97
1883,5702,2026-05-01,Electronics,4,125.34,501.36
1884,5346,2026-05-02,Home & Kitchen,8,634.25,5074.0
1885,5593,2026-05-03,Books,8,781.6,6252.8
1886,5304,2026-05-04,Electronics,9,271.99,2447.91
1887,5762,2026-05-05,Home & Kitchen,8,419.57,3356.56
1888,5065,2026-05-06,Toys,8,139.9,1119.2
1889,5317,2026-05-07,Clothing,3,556.37,1669.11
1890,5683,2026-05-08,Electronics,5,595.98,2979.9
1891,5279,2026-05-09,Electronics,2,497.68,995.36
1892,5792,2026-05-10,Home & Kitchen,3,336.09,1008.27
1893,5585,2026-05-11,Clothing,3,654.61,1963.83
1894,5913,2026-05-12,Toys,5,134.7,673.5
1895,5559,2026-05-13,Books,5,332.47,1662.35
1896,5066,2026-05-14,Books,9,705.92,6353.28
1897,5141,2026-05-15,Electronics,8,438.71,3509.68
1898,5646,2026-05-16,Books,9,125.92,1133.28
1899,5235,2026-05-17,Clothing,3,825.19,2475.57
1900,5166,2026-05-18,Toys,4,39.1,156.4
1901,5044,2026-05-19,Toys,5,22.16,110.8
1902,5445,2026-05-20,Toys,3,792.05,2376.15
1903,5397,2026-05-21,Clothing,8,669.64,5357.12
1904,5889,2026-05-22,Clothing,9,977.88,8800.92
1905,5332,2026-05-23,Electronics,2,642.22,1284.44
1906,5089,2026-05-24,Clothing,1,678.2,678.2
1907,5219,2026-05-25,Books,7,803.59,5625.13
1908,5411,2026-05-26,Toys,6,710.25,4261.5
1909,5204,2026-05-27,Toys,9,406.04,3654.36
1910,5225,2026-05-28,Home & Kitchen,3,702.54,2107.62
1911,5282,2026-05-29,Home & Kitchen,6,826.59,4959.54
1912,5316,2026-05-30,Toys,7,437.7,3063.9
1913,5975,2026-05-31,Toys,7,573.75,4016.25
1914,5455,2026-06-01,Toys,8,382.52,3060.16
1915,5461,2026-06-02,Clothing,3,334.94,1004.82
1916,5192,2026-06-03,Books,1,498.58,498.58
1917,5768,2026-06-04,Home & Kitchen,9,603.28,5429.52
1918,5031,2026-06-05,Home & Kitchen,9,470.01,4230.09
1919,5035,2026-06-06,Electronics,1,740.34,740.34
1920,5523,2026-06-07,Toys,3,999.05,2997.15
1921,5932,2026-06-08,Books,9,577.96,5201.64
1922,5976,2026-06-09,Clothing,2,387.63,775.26
1923,5401,2026-06-10,Books,2,173.32,346.64
1924,5096,2026-06-11,Toys,6,535.54,3213.24
1925,5090,2026-06-12,Books,6,915.08,5490.48
1926,5775,2026-06-13,Books,8,279.47,2235.76
1927,5043,2026-06-14,Electronics,1,55.18,55.18
1928,5553,2026-06-15,Electronics,3,432.44,1297.32
1929,5801,2026-06-16,Toys,7,848.34,5938.38
1930,5392,2026-06-17,Clothing,5,994.22,4971.1
1931,5840,2026-06-18,Electronics,1,389.65,389.65
1932,5384,2026-06-19,Toys,7,319.69,2237.83
1933,5764,2026-06-20,Toys,8,700.2,5601.6
1934,5160,2026-06-21,Electronics,1,405.15,405.15
1935,5021,2026-06-22,Books,1,505.41,505.41
1936,5817,2026-06-23,Clothing,1,733.94,733.94
1937,5406,2026-06-24,Books,2,520.95,1041.9
1938,5677,2026-06-25,Toys,5,100.22,501.1
1939,5905,2026-06-26,Toys,1,195.55,195.55
1940,5295,2026-06-27,Electronics,2,610.37,1220.74
1941,5329,2026-06-28,Books,3,99.39,298.17
1942,5527,2026-06-29,Electronics,2,112.02,224.04
1943,5209,2026-06-30,Clothing,8,514.53,4116.24
1944,5450,2026-07-01,Electronics,2,187.75,375.5
1945,5469,2026-07-02,Home & Kitchen,1,898.52,898.52
1946,5288,2026-07-03,Home & Kitchen,6,243.79,1462.74
1947,5170,2026-07-04,Clothing,7,849.15,5944.05
1948,5166,2026-07-05,Home & Kitchen,3,43.73,131.19
1949,5460,2026-07-06,Books,2,215.81,431.62
1950,5960,2026-07-07,Toys,3,298.19,894.57
1951,5083,2026-07-08,Electronics,2,763.5,1527.0
1952,5302,2026-07-09,Clothing,2,695.18,1390.36
1953,5548,2026-07-10,Home & Kitchen,1,881.52,881.52
1954,5710,2026-07-11,Toys,8,326.86,2614.88
1955,5357,2026-07-12,Electronics,7,179.91,1259.37
1956,5290,2026-07-13,Home & Kitchen,1,979.17,979.17
1957,5808,2026-07-14,Clothing,1,29.2,29.2
1958,5844,2026-07-15,Books,8,486.32,3890.56
1959,5107,2026-07-16,Books,8,526.89,4215.12
1960,5718,2026-07-17,Clothing,8,716.67,5733.36
1961,5084,2026-07-18,Home & Kitchen,8,872.34,6978.72
1962,5653,2026-07-19,Clothing,2,183.02,366.04
1963,5357,2026-07-20,Home & Kitchen,1,112.64,112.64
1964,5685,2026-07-21,Books,2,497.65,995.3
1965,5747,2026-07-22,Toys,6,389.45,2336.7
1966,5124,2026-07-23,Books,6,783.51,4701.06
1967,5153,2026-07-24,Electronics,8,994.68,7957.44
1968,5635,2026-07-25,Electronics,9,680.17,6121.53
1969,5993,2026-07-26,Toys,3,613.29,1839.87
1970,5032,2026-07-27,Clothing,5,308.57,1542.85
1971,5761,2026-07-28,Home & Kitchen,2,989.36,1978.72
1972,5888,2026-07-29,Home & Kitchen,5,131.07,655.35
1973,5355,2026-07-30,Home & Kitchen,2,281.81,563.62
1974,5941,2026-07-31,Books,1,904.3,904.3
1975,5876,2026-08-01,Home & Kitchen,7,973.75,6816.25
1976,5518,2026-08-02,Toys,1,211.56,211.56
1977,5556,2026-08-03,Books,8,393.93,3151.44
1978,5769,2026-08-04,Books,5,181.55,907.75
1979,5360,2026-08-05,Books,8,355.9,2847.2
1980,5468,2026-08-06,Clothing,2,203.54,407.08
1981,5063,2026-08-07,Toys,7,989.18,6924.26
1982,5326,2026-08-08,Books,7,477.09,3339.63
1983,5401,2026-08-09,Books,5,270.76,1353.8
1984,5607,2026-08-10,Home & Kitchen,4,107.91,431.64
1985,5224,2026-08-11,Toys,9,418.25,3764.25
1986,5018,2026-08-12,Home & Kitchen,1,334.36,334.36
1987,5234,2026-08-13,Clothing,9,783.15,7048.35
1988,5380,2026-08-14,Electronics,4,83.1,332.4
1989,5078,2026-08-15,Home & Kitchen,2,914.39,1828.78
1990,5967,2026-08-16,Books,5,339.07,1695.35
1991,5793,2026-08-17,Toys,9,634.55,5710.95
1992,5443,2026-08-18,Home & Kitchen,9,83.13,748.17
1993,5750,2026-08-19,Clothing,3,89.73,269.19
1994,5606,2026-08-20,Clothing,3,885.62,2656.86
1995,5169,2026-08-21,Electronics,1,295.41,295.41
1996,5481,2026-08-22,Toys,2,68.09,136.18
1997,5767,2026-08-23,Electronics,3,208.46,625.38
1998,5740,2026-08-24,Home & Kitchen,2,43.2,86.4
1999,5936,2026-08-25,Electronics,5,257.28,1286.4
2000,5744,2026-08-26,Books,8,180.58,1444.64
