Region,Latitude,Longitude,Current_Store_Count,Potential_New_Stores,Market_Size
North America,79.2904,115.3329,14,7,896502
South America,9.6735,149.3287,18,9,820428
Europe,75.5292,32.5999,14,1,967973
Africa,-28.3753,-113.8712,9,6,398584
Asia,51.6547,-122.3944,6,5,953840
Oceania,0.7682,-115.5525,21,4,770658
Middle East,62.6007,-112.5801,8,9,515488
Region_8,47.073,-81.5164,1,5,344720
Region_9,41.98,100.755,22,9,717384
Region_10,-10.5611,59.8676,15,3,737225
Region_11,-80.6847,51.9525,20,3,694856
Region_12,6.0417,-152.0076,10,9,750598
Region_13,4.0011,-9.3238,27,9,377492
Region_14,-28.2543,28.2195,3,8,157991
Region_15,-57.9767,-45.9108,18,7,738009
Region_16,87.628,-112.5489,21,9,215502
Region_17,-70.9224,-34.2776,22,4,654079
Region_18,87.4537,-161.9768,12,3,285756
Region_19,31.2041,117.3382,10,4,324667
Region_20,-30.1228,-101.6139,18,9,155255
Region_21,-50.947,15.2289,8,1,481039
Region_22,-48.0365,10.9418,18,4,738189
Region_23,-70.955,145.6221,10,2,813604
Region_24,89.3417,-39.5303,16,1,466044
Region_25,-82.9476,173.9542,5,9,741422
Region_26,-8.6677,-108.7266,13,9,991454
Region_27,-61.9585,-55.9705,10,1,187202
Region_28,-7.1748,-54.0645,27,5,433721
Region_29,50.1814,-43.8714,19,9,173194
Region_30,26.5819,-164.5069,22,5,703176
Region_31,-67.498,78.2774,25,3,135961
Region_32,8.4098,164.372,15,4,847509
Region_33,10.7122,-94.0067,6,8,981421
Region_34,-53.955,162.3723,20,2,222086
Region_35,-45.5078,169.0186,11,7,397755
Region_36,74.9168,-146.1133,14,4,652231
Region_37,79.9586,-169.4828,26,8,408795
Region_38,-39.9754,-7.4749,16,8,402428
Region_39,-40.4785,-127.9188,6,1,809507
Region_40,34.7876,21.6073,23,6,842744
Region_41,64.831,-171.3953,9,8,352898
Region_42,5.5408,158.4677,8,2,858941
Region_43,-39.1726,42.0951,5,2,944537
Region_44,28.754,-22.6067,25,4,770081
Region_45,-58.9201,45.9578,8,3,450053
Region_46,49.8367,74.8976,8,7,975105
Region_47,78.7052,40.3905,10,3,473202
Region_48,-83.2295,171.2187,1,8,151580
Region_49,1.5398,-140.7734,8,5,369835
Region_50,26.4899,-145.9987,5,4,694679
Region_51,-33.2593,74.2947,22,8,187147
Region_52,56.6035,-50.9698,16,4,357878
Region_53,34.4656,-149.5508,22,9,480199
Region_54,-64.8454,-121.3292,19,2,161648
Region_55,59.5575,148.6055,21,3,927416
Region_56,-67.9823,-100.5974,17,2,516409
Region_57,48.8998,-128.4166,15,8,706079
Region_58,35.1884,-127.5184,4,7,928066
Region_59,66.5246,172.0037,1,7,370481
Region_60,89.1878,178.0523,22,4,490775
Region_61,7.8999,109.2884,5,7,772167
Region_62,-7.5882,-160.3656,15,2,661734
Region_63,17.8886,106.1607,5,3,421372
Region_64,-37.6324,37.9299,12,7,448176
Region_65,63.1599,-154.8854,29,3,385512
Region_66,18.1608,-31.8969,14,4,525969
Region_67,-78.4119,35.6075,18,4,638895
Region_68,30.8428,-63.1453,15,8,851787
Region_69,-7.3124,-114.2709,16,6,697491
Region_70,-31.4491,-88.9366,19,8,368716
Region_71,42.2942,-162.2887,25,1,397211
Region_72,-81.9237,-97.3248,8,7,585953
Region_73,26.5779,-12.5179,2,8,909644
Region_74,-75.0876,-110.3642,10,8,458363
Region_75,-74.5515,29.8305,6,9,652517
Region_76,28.5209,145.8953,13,4,123719
Region_77,-66.7793,114.4546,6,3,900035
Region_78,-10.5159,39.9089,26,3,605057
Region_79,-53.6312,-9.3479,1,6,581958
Region_80,63.4423,-138.9693,3,9,266439
Region_81,19.7656,25.6951,29,3,342294
Region_82,-6.2758,97.5,26,6,557744
Region_83,45.4754,115.1747,14,4,437142
Region_84,88.9377,-98.6812,5,2,898055
Region_85,-42.8903,132.5644,29,5,228278
Region_86,89.1982,90.5612,17,8,648800
Region_87,12.5132,53.6557,14,2,341560
Region_88,-7.3027,-69.1476,18,7,574006
Region_89,17.6919,-82.3822,16,5,529986
Region_90,33.0824,-39.5192,26,1,281822
Region_91,-79.4162,167.9001,8,9,492872
Region_92,-71.2128,-74.4574,10,9,743301
Region_93,-38.3745,156.6982,13,9,331337
Region_94,87.9603,58.3967,2,7,602941
Region_95,-10.5649,107.6727,8,4,363341
Region_96,-73.5355,-19.757,28,9,915684
Region_97,-49.067,-157.8715,18,5,823337
Region_98,-41.4705,178.5808,20,9,222755
Region_99,29.0551,-130.274,21,1,900064
Region_100,-4.1953,119.9202,17,2,639610
Region_101,-45.2005,-45.7941,7,5,422707
Region_102,-15.1432,-5.1252,28,6,877500
Region_103,38.8511,55.9506,1,3,416777
Region_104,81.8825,58.99,7,3,697726
Region_105,-22.236,46.5289,7,7,533200
Region_106,-43.7381,154.3377,20,3,588282
Region_107,28.1968,-35.0081,26,8,607318
Region_108,-85.1884,-163.3371,16,2,229768
Region_109,-41.3867,-141.1045,22,6,892833
Region_110,-55.8427,-14.5455,8,2,219802
Region_111,74.1989,20.0563,12,5,516294
Region_112,-25.4288,-150.4204,22,1,160070
Region_113,-79.5994,135.0585,18,3,572573
Region_114,-18.2602,-117.6259,19,2,121762
Region_115,-28.5605,-66.5818,18,2,956488
Region_116,-17.0399,-25.0297,19,9,207581
Region_117,-71.0083,-164.5389,18,7,605242
Region_118,28.8414,-163.2382,25,6,979087
Region_119,27.2045,-108.947,2,9,612339
Region_120,64.048,-26.4753,29,2,355972
Region_121,25.8432,12.7952,1,5,260827
Region_122,77.1874,119.6357,10,5,629548
Region_123,47.1654,76.9457,1,1,194831
Region_124,40.5161,-71.2578,28,1,981497
Region_125,-66.825,106.34,28,9,634112
Region_126,33.4601,70.3661,10,1,257815
Region_127,4.4312,142.7765,20,5,754189
Region_128,-16.9574,126.8863,18,2,110882
Region_129,81.4456,39.1238,13,5,773581
Region_130,83.1518,-125.2518,24,3,353900
Region_131,39.0996,41.2241,12,6,254679
Region_132,44.0045,133.0739,29,2,774364
Region_133,39.7338,82.9284,1,3,878370
Region_134,8.831,-53.3657,18,7,795992
Region_135,44.3647,19.4096,15,4,302314
Region_136,-12.7489,-74.1059,28,4,608740
Region_137,4.1552,13.9458,21,3,477578
Region_138,-40.547,-81.3406,7,6,280642
Region_139,31.1984,-106.0172,17,4,111583
Region_140,56.011,-2.0241,28,1,712484
Region_141,-12.3531,89.4955,3,5,175712
Region_142,-75.9918,-171.3631,10,5,916348
Region_143,81.2533,28.0075,29,2,493697
Region_144,42.1474,-73.1629,7,2,191844
Region_145,31.6727,140.8763,17,2,243641
Region_146,-10.7946,25.6881,17,8,111885
Region_147,-81.2278,16.6842,18,1,782220
Region_148,9.3256,49.8663,5,3,692203
Region_149,-4.4508,-92.7131,15,9,375087
Region_150,-61.7266,17.3653,10,8,818256
Region_151,54.1,174.4426,8,9,505516
Region_152,-62.3206,-58.5263,18,6,128643
Region_153,6.5195,-177.7216,17,5,392754
Region_154,-36.2585,60.3426,18,7,986651
Region_155,63.6451,93.7906,25,4,276918
Region_156,39.2801,166.2122,10,6,468651
Region_157,47.9808,-155.3878,10,1,438230
Region_158,-14.7726,-109.0808,10,1,311754
Region_159,61.7413,128.6038,2,5,277967
Region_160,64.6804,117.2157,15,6,528297
Region_161,-43.9021,153.1243,9,5,598822
Region_162,17.8718,63.8972,25,9,242877
Region_163,29.5937,-111.0553,4,5,890600
Region_164,63.0577,-115.9955,28,4,762375
Region_165,15.8812,55.382,9,6,375466
Region_166,63.2581,176.355,11,3,340395
Region_167,30.4115,-162.3416,28,4,243908
Region_168,56.4311,-55.3791,23,6,874122
Region_169,20.8845,-119.9909,16,9,564435
Region_170,12.0443,-114.5527,10,9,665258
Region_171,15.7687,86.3813,22,7,296688
Region_172,-27.2335,-167.1256,27,4,894028
Region_173,85.5879,2.3136,28,7,175300
Region_174,-37.7764,-34.2451,18,4,161462
Region_175,84.8144,-127.6652,17,5,962747
Region_176,19.4055,-0.7092,12,9,601437
Region_177,-45.9606,155.4008,9,2,564040
Region_178,65.9238,-64.0265,28,8,760668
Region_179,67.9685,100.0239,8,2,709379
Region_180,-81.9835,-156.5048,5,4,121903
Region_181,34.185,-56.3438,8,1,877821
Region_182,50.8244,-112.0377,4,7,902657
Region_183,66.421,-16.8711,24,4,431229
Region_184,59.8148,88.0906,3,1,141894
Region_185,-37.6195,132.4553,27,7,594771
Region_186,79.8923,-130.7338,19,9,214577
Region_187,-40.7713,-18.0485,23,3,313840
Region_188,-73.9314,-69.2677,17,8,194594
Region_189,-3.7663,-70.2688,9,1,221290
Region_190,-70.2201,92.4453,20,5,101067
Region_191,-2.2574,-170.1572,21,6,282277
Region_192,34.5312,-131.2873,2,9,523188
Region_193,64.6152,-157.3646,15,4,862008
Region_194,-20.7436,73.3847,27,4,847679
Region_195,-82.768,-134.1308,18,5,100022
Region_196,-42.0699,-155.3486,7,1,872176
Region_197,79.157,-176.8922,5,3,485821
Region_198,42.8762,171.9563,4,8,832839
Region_199,-46.8878,140.8549,5,1,352153
Region_200,51.3059,76.689,28,7,984659
Region_201,36.9008,-134.1341,21,1,255913
Region_202,-11.6565,99.9179,18,6,952198
Region_203,79.4815,72.0392,11,1,635425
Region_204,31.2804,-175.8846,23,5,699884
Region_205,-28.2107,-162.902,17,7,634587
Region_206,-4.6481,27.7439,4,8,582330
Region_207,25.9038,140.3362,1,1,386401
Region_208,-11.6277,-167.1753,2,3,126966
Region_209,72.8803,-0.6481,10,5,507573
Region_210,-24.4785,140.4952,15,3,115992
Region_211,79.5371,138.9366,18,6,226379
Region_212,78.7071,-20.7791,28,2,925844
Region_213,49.0366,106.2639,17,7,703474
Region_214,-85.6721,64.0554,22,7,892802
Region_215,10.7752,109.2016,14,1,652759
Region_216,84.2149,101.3486,17,6,980448
Region_217,-48.1697,48.9768,7,3,956978
Region_218,-50.3239,117.2335,3,6,881413
Region_219,43.3736,132.5043,16,2,923093
Region_220,-26.5642,118.0013,11,3,722890
Region_221,75.938,17.4881,1,2,221137
Region_222,23.8736,127.5412,9,2,224132
Region_223,-33.1608,-3.9915,12,3,956832
Region_224,-71.5246,-16.635,18,5,389793
Region_225,53.2897,92.9362,22,3,602637
Region_226,30.8927,111.2369,20,3,516649
Region_227,-34.9284,-131.7278,13,1,234286
Region_228,57.1715,-28.6342,12,1,649987
Region_229,-18.2974,-68.6238,14,2,364014
Region_230,-61.7397,-50.0871,19,4,696139
Region_231,-3.3486,131.1225,3,5,495428
Region_232,49.8151,126.4229,26,7,356840
Region_233,51.6663,-137.5833,19,7,492760
Region_234,6.5596,54.5143,3,3,337477
Region_235,-64.6011,-40.2415,26,3,601734
Region_236,-15.5028,14.2678,5,7,430988
Region_237,55.0565,129.7044,28,8,407978
Region_238,-2.8928,35.9683,11,4,777856
Region_239,-33.555,107.65,26,4,422643
Region_240,62.7363,113.1694,3,3,299733
Region_241,71.3036,155.9589,13,4,126585
Region_242,86.4093,-25.2868,22,1,783410
Region_243,84.5667,-72.0934,16,1,108065
Region_244,16.8762,-61.4252,12,1,379178
Region_245,22.362,-39.9159,16,2,627786
Region_246,-47.391,176.478,28,9,641416
Region_247,-63.3211,-66.8029,26,1,580421
Region_248,-88.8269,-0.1201,21,3,113878
Region_249,-1.4179,152.4777,15,7,552783
Region_250,23.9914,100.7919,17,5,164557
Region_251,-41.731,-100.073,19,5,220318
Region_252,2.9885,28.7373,8,8,203237
Region_253,46.7851,-102.379,20,4,351977
Region_254,-67.7807,-89.3393,7,5,260493
Region_255,9.4619,147.4608,24,3,231475
Region_256,-79.8632,175.5726,25,6,318441
Region_257,48.8524,121.2559,18,1,878841
Region_258,66.6958,123.2923,8,7,523008
Region_259,0.106,-34.5673,17,7,565310
Region_260,15.1437,-22.1609,6,5,528868
Region_261,-54.7222,-124.839,17,4,395807
Region_262,46.9191,-150.898,24,9,629830
Region_263,37.7563,149.0137,2,5,196346
Region_264,51.5343,-123.9701,23,9,278093
Region_265,19.2664,81.6107,20,6,277386
Region_266,-76.4798,-54.117,9,5,173953
Region_267,-72.2397,-72.792,1,8,775830
Region_268,63.7809,91.153,7,1,897221
Region_269,11.4267,4.9121,2,6,220232
Region_270,-11.9953,6.984,10,2,753984
Region_271,25.627,-62.229,29,2,282731
Region_272,-2.7344,-72.7715,26,4,690724
Region_273,28.3142,-36.9884,13,6,267816
Region_274,-51.5997,-94.0951,9,6,602019
Region_275,31.4758,122.771,21,9,943637
Region_276,60.7672,93.5092,28,8,664649
Region_277,-15.6595,94.2884,28,9,570820
Region_278,-87.5565,-137.1386,3,4,996683
Region_279,0.2494,-152.8922,12,4,183522
Region_280,84.5994,-52.3325,10,6,636962
Region_281,7.5276,91.9413,12,2,356709
Region_282,-5.1226,76.6124,27,4,898501
Region_283,-6.7372,172.468,8,1,884158
Region_284,-22.8898,-54.5715,22,5,275219
Region_285,20.9102,-34.5413,8,9,720594
Region_286,72.5525,13.719,23,7,117552
Region_287,47.6883,-36.5357,23,7,338995
Region_288,-5.619,-156.5885,17,2,787072
Region_289,-79.3397,67.2302,23,7,661343
Region_290,-16.2432,24.273,14,8,733323
Region_291,63.1945,78.3726,6,9,593233
Region_292,-68.6719,27.2704,16,8,680683
Region_293,-27.8744,82.6407,12,4,427876
Region_294,88.8491,138.521,22,7,995226
Region_295,57.6807,129.0613,8,8,595868
Region_296,74.2332,-134.8935,21,9,291591
Region_297,45.143,120.3142,18,8,345680
Region_298,-31.1102,-101.4226,1,5,258043
Region_299,-87.9804,-72.971,15,6,283254
Region_300,-11.9607,131.8173,6,1,609734
Region_301,69.1785,90.2745,1,1,713247
Region_302,16.2935,-104.6314,13,5,174581
Region_303,67.0144,49.4018,3,2,744978
Region_304,86.509,154.5875,11,3,722155
Region_305,66.6962,-165.3252,15,2,362348
Region_306,-67.0702,-20.5819,29,1,369245
Region_307,63.2182,177.1661,11,8,304771
Region_308,23.3706,-33.1818,13,1,719447
Region_309,19.8954,-125.6448,9,1,989691
Region_310,16.7596,85.1701,20,1,323922
Region_311,-83.566,24.2922,28,2,946916
Region_312,52.4593,-8.3293,7,7,837696
Region_313,82.1167,-162.1021,24,6,875537
Region_314,71.0361,-106.9326,7,9,946409
Region_315,-31.39,76.1378,6,7,865976
Region_316,-74.258,29.1336,16,8,162712
Region_317,89.7069,-173.0139,11,2,342766
Region_318,-23.7603,-169.0584,12,9,861491
Region_319,35.2997,42.7085,20,8,277079
Region_320,-60.0745,169.0987,26,9,787903
Region_321,73.2084,-24.1678,12,5,748131
Region_322,55.1427,79.3021,24,3,761613
Region_323,32.5574,78.1165,14,8,169632
Region_324,-64.8241,-48.6858,26,5,279366
Region_325,65.1413,-108.9982,9,4,925228
Region_326,-88.5064,-91.1664,6,5,315591
Region_327,-51.0432,54.4216,22,1,929470
Region_328,-22.9057,14.7738,20,9,628612
Region_329,-26.4222,50.7153,15,8,228471
Region_330,-3.392,-74.771,25,8,106396
Region_331,47.5767,-126.4725,7,3,240743
Region_332,60.7103,10.8907,16,5,383712
Region_333,27.3738,-148.1429,3,1,133686
Region_334,67.9923,-97.2893,29,5,105677
Region_335,16.2109,172.6821,10,8,334654
Region_336,23.7722,177.0574,26,5,916793
Region_337,-83.9977,160.608,22,3,560863
Region_338,17.6021,-141.894,20,6,765493
Region_339,35.1666,-79.0751,26,7,225421
Region_340,-84.521,114.0126,15,9,116438
Region_341,27.1235,-68.2781,18,3,508559
Region_342,-36.5363,109.5348,24,8,334022
Region_343,-87.7781,1.3307,1,6,920505
Region_344,-51.8682,-49.6505,11,1,253713
Region_345,-57.7809,-0.7828,15,3,337966
Region_346,44.2908,-38.4275,18,9,854656
Region_347,27.8973,150.7307,5,4,614260
Region_348,23.6914,-157.4809,28,6,750919
Region_349,-78.0328,-140.6961,28,9,241968
Region_350,29.2117,75.6589,29,3,992287
Region_351,49.2386,-39.908,17,7,669312
Region_352,-19.531,24.2944,1,2,707654
Region_353,38.105,-13.0864,13,4,916578
Region_354,47.2231,31.0743,15,6,583619
Region_355,-51.6264,157.6387,24,2,294627
Region_356,40.7743,134.6213,5,3,742044
Region_357,71.1468,36.6886,2,3,719020
Region_358,12.7745,-150.002,8,3,491616
Region_359,59.1245,-72.3385,9,6,684610
Region_360,30.4037,-173.2145,4,1,117077
Region_361,67.5133,-22.6946,25,8,619913
Region_362,-73.8285,64.3344,26,3,788256
Region_363,28.8225,-165.3517,9,5,846656
Region_364,35.6759,-153.9798,15,8,289837
Region_365,-77.8508,-127.8444,8,8,991795
Region_366,-68.3114,105.9494,15,2,685488
Region_367,56.7453,101.0487,6,9,854996
Region_368,59.0684,-112.9404,7,3,268674
Region_369,14.4852,-175.4959,8,1,389509
Region_370,-40.6594,-29.1737,5,1,261841
Region_371,-15.0264,-173.2616,10,7,397305
Region_372,14.0393,127.8312,4,3,692436
Region_373,39.8982,-157.4014,25,5,393093
Region_374,48.5747,169.6084,24,5,805468
Region_375,8.4873,151.5675,9,5,293659
Region_376,19.3526,-108.2951,6,1,278280
Region_377,-84.9839,10.9755,29,4,199535
Region_378,-46.0179,-9.0049,16,1,574137
Region_379,73.3612,102.6906,22,8,944755
Region_380,40.4129,-137.1375,24,4,778385
Region_381,33.0865,22.2466,13,8,897369
Region_382,-1.2331,-49.3511,3,5,696309
Region_383,-73.1319,172.5394,29,3,932111
Region_384,48.7592,-38.7749,8,5,552189
Region_385,8.0671,102.4438,20,2,168407
Region_386,14.8617,67.6078,29,4,453481
Region_387,6.6607,-91.7879,11,5,719419
Region_388,43.5213,-53.5813,6,7,934044
Region_389,-77.7873,13.4511,29,2,516329
Region_390,62.3525,-157.001,12,1,382880
Region_391,-72.1875,-173.0627,5,9,629890
Region_392,-33.9857,45.9335,12,7,744012
Region_393,-2.1025,-103.9021,4,9,658360
Region_394,47.3427,-93.6094,14,7,627731
Region_395,16.5448,-118.9359,20,6,662403
Region_396,80.0801,139.5502,23,5,326024
Region_397,15.2483,-163.1991,4,4,872837
Region_398,-29.9893,164.2083,10,3,192865
Region_399,80.017,-152.746,19,1,404174
Region_400,39.1602,-175.6155,27,1,325014
Region_401,-40.3545,140.9854,18,1,854177
Region_402,42.4591,42.777,29,9,495385
Region_403,-78.5784,76.3588,26,1,477396
Region_404,51.6382,179.2878,26,3,449623
Region_405,-49.3086,-16.3103,21,2,750841
Region_406,18.7972,-137.4954,24,3,635615
Region_407,74.0243,28.4792,13,9,973809
Region_408,10.6381,5.5169,25,3,320043
Region_409,-47.1127,25.8548,13,2,916008
Region_410,58.8679,40.1801,22,7,920697
Region_411,-52.2012,48.4646,5,7,782491
Region_412,-18.4077,-171.6796,13,9,256639
Region_413,-62.5623,-142.2324,2,1,148103
Region_414,-60.1078,2.9484,21,3,931261
Region_415,-73.9599,100.6805,8,6,681381
Region_416,54.0293,101.7467,7,6,270044
Region_417,33.3167,-65.3136,2,7,151913
Region_418,63.6835,-23.3022,19,7,994190
Region_419,-13.6331,-71.6839,26,8,474408
Region_420,-53.9185,-2.5043,12,7,602522
Region_421,47.6342,130.7957,8,4,635753
Region_422,-34.1469,6.179,2,3,911447
Region_423,5.548,95.8426,23,2,811883
Region_424,-56.394,-24.7521,23,9,275987
Region_425,25.6093,54.5311,19,4,250178
Region_426,-61.0739,21.0436,19,1,963686
Region_427,-4.9841,40.9394,5,7,272784
Region_428,31.2528,33.94,25,4,848635
Region_429,-25.5032,-110.5473,12,8,359789
Region_430,80.195,-83.3572,21,8,402069
Region_431,-8.4139,145.4081,3,8,728717
Region_432,-6.4991,6.7707,10,8,747994
Region_433,5.6649,-142.4616,6,1,159891
Region_434,84.8043,179.8734,2,4,770924
Region_435,25.5039,-94.9281,25,7,938909
Region_436,20.1895,-147.5435,1,5,542024
Region_437,22.3487,-84.3484,4,5,557960
Region_438,-46.2432,134.037,1,4,330200
Region_439,-74.6609,66.7253,13,8,406242
Region_440,-76.7626,57.8414,13,8,500756
Region_441,1.4005,-59.1437,12,6,273448
Region_442,-34.5529,7.0478,23,8,292570
Region_443,61.9758,126.0079,17,9,618055
Region_444,40.2928,164.187,25,1,375212
Region_445,21.0082,-112.1779,19,5,571193
Region_446,31.0691,-22.9711,29,2,304176
Region_447,39.7077,-147.0584,11,3,223384
Region_448,-88.2757,140.9401,11,3,214449
Region_449,-4.0687,125.5613,24,7,323392
Region_450,68.5203,-94.4865,13,6,790319
Region_451,-41.912,-38.0797,11,3,211186
Region_452,64.2122,-122.6839,29,1,828702
Region_453,3.0645,-172.6244,25,8,189653
Region_454,83.9917,-129.7749,23,7,630874
Region_455,0.7434,-163.1058,29,1,648973
Region_456,35.3976,37.3602,19,3,964692
Region_457,80.2903,36.6457,10,6,797614
Region_458,-66.3536,96.784,27,8,500790
Region_459,0.5497,156.1711,18,3,828530
Region_460,21.1374,30.6969,28,3,685474
Region_461,17.2547,120.5279,10,2,649886
Region_462,-50.8314,-48.0855,1,6,864775
Region_463,-53.2205,-173.8809,18,5,461767
Region_464,-59.1952,-171.2906,22,7,546349
Region_465,69.6242,168.4112,19,7,702469
Region_466,-57.4018,-55.269,8,6,309939
Region_467,-4.6193,103.9669,3,1,246901
Region_468,-6.8732,30.7939,26,3,834923
Region_469,30.0912,-129.6688,28,9,864900
Region_470,11.8469,45.8017,11,8,821948
Region_471,-17.8237,-65.3795,8,9,326564
Region_472,-58.3498,-142.1023,7,4,347302
Region_473,22.7736,-57.5561,27,3,120262
Region_474,68.8399,-160.8048,1,8,399126
Region_475,32.3924,-58.1123,9,1,708838
Region_476,-74.1745,-148.242,7,1,209723
Region_477,77.5856,-132.1356,9,2,239639
Region_478,-88.0639,83.0945,17,6,409296
Region_479,-60.0198,77.0814,19,3,550641
Region_480,-74.4953,27.4217,17,6,768958
Region_481,13.8074,115.431,18,2,151645
Region_482,89.4003,100.8232,20,6,639022
Region_483,-40.5557,-157.6408,21,3,355253
Region_484,-40.5944,63.654,23,8,840204
Region_485,1.6388,-32.3498,13,6,838122
Region_486,-63.3727,168.9249,10,2,180478
Region_487,72.7488,62.5346,1,5,459374
Region_488,-84.3408,-47.7853,5,3,485456
Region_489,-27.5922,57.0342,11,9,570916
Region_490,70.7118,-119.592,8,2,318725
Region_491,-67.6505,-138.2004,6,4,212282
Region_492,-47.9381,118.803,3,2,806204
Region_493,57.8021,-57.6884,18,3,942034
Region_494,-17.1039,124.4441,3,2,562996
Region_495,-36.4935,165.1577,26,1,908921
Region_496,78.852,74.8404,23,8,334980
Region_497,18.8133,35.6121,3,4,816239
Region_498,23.1292,143.9875,16,9,600700
Region_499,40.0019,-134.0042,29,5,941807
Region_500,-25.525,176.4849,17,6,724478
Region_501,36.953,-31.8722,2,5,350289
Region_502,-51.8423,27.4502,22,2,269982
Region_503,-75.3484,135.8348,22,8,538739
Region_504,36.0378,156.645,8,8,523249
Region_505,-68.5223,-72.2199,14,2,160734
Region_506,78.266,92.3031,20,3,716324
Region_507,-7.4277,101.0994,5,2,181102
Region_508,-13.8001,101.9852,5,8,249418
Region_509,12.3383,98.9834,15,5,615822
Region_510,-39.8148,141.6482,26,9,915305
Region_511,35.5131,-131.6329,10,4,160043
Region_512,-62.9796,-66.603,11,7,878359
Region_513,69.5691,-152.0151,1,7,100877
Region_514,15.4707,-5.0755,18,1,780939
Region_515,0.3366,-99.4895,11,6,264028
Region_516,52.0063,15.0677,24,9,525368
Region_517,-67.9829,-129.1811,11,6,277043
Region_518,36.4515,142.7149,7,6,535463
Region_519,5.1861,137.5624,12,6,537504
Region_520,48.0309,18.5399,7,9,578217
Region_521,11.8212,104.0451,9,3,251703
Region_522,-7.3579,-20.1623,20,2,265591
Region_523,-34.6571,-143.4474,20,4,802551
Region_524,77.8088,-168.3544,21,2,806169
Region_525,43.0841,-115.1351,6,8,630276
Region_526,-74.0688,74.8291,4,3,688282
Region_527,43.6182,-170.1633,7,4,320849
Region_528,-48.6528,178.8387,18,9,668467
Region_529,-61.9256,104.713,20,1,392091
Region_530,-49.5995,170.5816,29,8,391298
Region_531,73.023,177.3495,5,8,395375
Region_532,44.5347,93.4235,25,5,487684
Region_533,24.0971,-147.8939,27,2,417966
Region_534,-55.3452,117.0599,28,6,919186
Region_535,-12.3199,8.6146,28,6,300717
Region_536,25.3661,-4.0207,22,8,719943
Region_537,58.9014,147.3857,17,6,286555
Region_538,-71.8797,28.1014,15,9,690170
Region_539,-63.5746,75.7382,28,8,409631
Region_540,34.7053,-155.0052,13,6,149792
Region_541,-25.1835,-7.4282,21,7,406180
Region_542,-85.5673,-146.5358,11,8,959655
Region_543,71.142,-96.3972,28,8,844626
Region_544,1.5449,-113.4024,10,8,806305
Region_545,-55.584,-65.5007,10,5,158892
Region_546,57.1894,164.4594,22,1,191982
Region_547,27.6804,48.5086,9,5,812714
Region_548,76.3472,-10.0762,7,2,862060
Region_549,-1.2708,84.2507,19,2,821564
Region_550,57.3603,45.1391,5,3,655451
Region_551,-1.1645,146.5309,8,4,509520
Region_552,-76.3099,-29.9826,27,7,671737
Region_553,-8.9431,-41.4814,11,3,346379
Region_554,89.4171,-171.5504,1,8,467708
Region_555,-64.6472,95.2478,29,5,845049
Region_556,58.0392,-115.1183,11,9,696636
Region_557,-63.5535,-156.7173,24,3,301444
Region_558,18.0192,-161.2266,9,7,414886
Region_559,12.7012,-114.8237,15,2,283137
Region_560,56.2584,34.671,26,4,384019
Region_561,48.5289,87.392,21,1,752715
Region_562,42.4392,-103.4964,7,1,504004
Region_563,-25.8696,67.3453,8,5,284362
Region_564,19.167,115.3791,29,8,839954
Region_565,-45.3303,45.0606,5,5,635628
Region_566,51.3281,-174.4764,16,6,145617
Region_567,-42.2302,-75.6233,23,2,937121
Region_568,-66.6678,38.8165,29,4,214684
Region_569,59.2711,24.4676,19,1,261480
Region_570,53.9362,60.0979,6,1,672628
Region_571,36.5187,105.4192,17,4,721955
Region_572,44.8932,101.6301,17,9,474838
Region_573,-16.6425,57.9728,11,9,872221
Region_574,34.7005,-35.7249,2,2,201407
Region_575,73.4164,-92.1049,25,5,159132
Region_576,-10.6639,-31.8743,26,6,562569
Region_577,-4.9454,89.506,12,9,741782
Region_578,-75.4491,-0.7856,19,4,218118
Region_579,36.5284,-114.1953,2,7,582698
Region_580,36.664,-28.4087,9,1,903809
Region_581,-26.0368,-79.6939,27,9,468164
Region_582,81.7061,92.0602,3,2,383427
Region_583,-64.6937,25.8787,23,3,193378
Region_584,34.4292,-90.8731,16,4,805276
Region_585,-48.558,-57.0486,29,7,552886
Region_586,-6.416,-11.2087,28,3,627345
Region_587,-56.442,-72.6906,20,3,552471
Region_588,-67.2433,23.7764,28,6,813060
Region_589,80.1323,123.4797,10,7,778649
Region_590,22.9284,58.0512,12,7,841832
Region_591,-88.6526,-125.6956,4,2,929118
Region_592,52.4709,82.088,14,1,140777
Region_593,-21.0793,-9.482,21,5,938019
Region_594,-5.9728,-128.1605,29,5,825540
Region_595,6.4473,20.4661,7,5,173426
Region_596,52.8319,107.4703,18,5,693736
Region_597,10.2852,-134.8704,7,6,940059
Region_598,-32.1041,156.4831,7,2,191258
Region_599,19.1286,-4.0189,24,4,651343
Region_600,-38.6183,-52.06,15,2,795501
Region_601,76.5071,158.2004,29,4,322111
Region_602,-19.2768,111.9771,18,8,234183
Region_603,52.7272,54.8599,14,6,512000
Region_604,-22.5946,162.3316,3,2,558726
Region_605,45.3983,30.9318,18,9,180614
Region_606,0.7203,-153.8957,29,6,979337
Region_607,66.8578,81.8605,23,7,717923
Region_608,80.1318,164.3077,11,7,156108
Region_609,25.9577,79.3906,1,4,554882
Region_610,-83.7859,20.8311,11,7,874502
Region_611,23.5047,-59.1561,9,1,561821
Region_612,54.6425,63.9323,1,2,155688
Region_613,-73.7551,175.482,25,3,333835
Region_614,74.0926,158.4302,5,3,578534
Region_615,55.789,110.0059,16,2,482241
Region_616,-32.0661,108.0805,15,5,929706
Region_617,29.8528,-145.3074,26,5,387986
Region_618,88.9064,-106.1021,10,8,799037
Region_619,41.262,71.4054,26,9,522328
Region_620,62.5504,-101.6184,15,5,204269
Region_621,68.3748,112.4524,4,4,616824
Region_622,61.6907,63.895,12,8,808764
Region_623,71.363,139.1311,25,3,223527
Region_624,-52.1461,4.2861,26,2,320816
Region_625,49.8087,-68.3412,6,6,865727
Region_626,-38.1248,12.6355,3,9,947880
Region_627,-63.9086,17.5509,9,7,943352
Region_628,2.3575,-161.4643,20,1,377244
Region_629,-23.2787,61.1215,11,7,535185
Region_630,-72.0334,-61.0605,7,8,669956
Region_631,78.9423,-6.5072,24,3,608839
Region_632,-62.0595,116.5967,24,5,230472
Region_633,-69.9456,78.5096,20,8,385094
Region_634,60.4345,143.5741,9,7,549976
Region_635,-51.9702,-66.5784,20,5,236879
Region_636,66.8787,-130.4921,13,1,736086
Region_637,-17.064,-7.1182,23,1,238005
Region_638,-4.5547,-179.8621,2,3,464629
Region_639,-44.0184,65.6397,2,5,840022
Region_640,37.4792,-47.94,5,1,757099
Region_641,-62.2057,-90.3128,29,5,824543
Region_642,-69.8242,-60.5165,4,5,673103
Region_643,-20.647,99.8319,4,2,768590
Region_644,60.9448,-88.0575,8,4,115150
Region_645,52.3029,-93.8254,15,5,371577
Region_646,49.3455,-161.413,2,7,188640
Region_647,-42.3594,-24.3624,2,5,722049
Region_648,-54.422,-11.8662,19,4,971405
Region_649,49.3175,129.2829,25,5,666624
Region_650,-33.595,46.4166,6,4,418928
Region_651,-62.0948,-67.6583,28,4,826851
Region_652,4.3322,177.7923,27,9,324876
Region_653,-48.1792,-88.7629,17,4,680768
Region_654,-37.5344,-14.955,21,5,459684
Region_655,-79.0521,-18.6289,9,6,385246
Region_656,30.386,-171.2435,28,2,440378
Region_657,21.8295,-27.8589,14,5,517841
Region_658,-39.5912,179.4951,7,7,131215
Region_659,-42.2936,-64.0336,23,4,916529
Region_660,-70.2613,162.6302,29,4,689971
Region_661,30.9088,115.3559,21,2,795612
Region_662,-40.4817,63.3411,3,3,407375
Region_663,-82.2654,-157.3804,11,8,129397
Region_664,-0.6864,-8.1709,7,4,559202
Region_665,34.3094,-158.3331,7,6,734536
Region_666,-1.9215,-74.7644,5,2,654870
Region_667,-22.7038,7.2651,4,3,730518
Region_668,26.7402,-10.7489,23,5,877894
Region_669,-43.9293,-30.8878,16,9,829494
Region_670,-51.7485,167.8886,1,7,526837
Region_671,-52.1491,-151.932,4,6,494594
Region_672,-45.8361,10.1909,22,3,929996
Region_673,28.1917,28.9665,6,6,919297
Region_674,-20.2893,-93.5093,9,9,562296
Region_675,-54.6811,-177.9036,7,6,509726
Region_676,-51.6886,51.2471,21,1,503474
Region_677,-8.2207,36.7249,7,7,297371
Region_678,-88.2178,100.5419,7,5,492470
Region_679,53.2252,15.6011,15,7,712831
Region_680,-66.4807,162.1451,7,7,848230
Region_681,-22.6758,-151.3347,6,3,897967
Region_682,63.8651,-3.7369,2,1,702763
Region_683,67.0578,-55.5369,26,7,436925
Region_684,-72.2073,-61.9075,28,6,469787
Region_685,-82.6628,172.1388,27,4,296213
Region_686,74.1384,-118.2166,9,8,651115
Region_687,1.8224,70.7841,2,6,161051
Region_688,-55.2054,-112.9904,2,7,668602
Region_689,-18.3987,-2.6938,5,1,618789
Region_690,61.39,-132.7548,15,2,781246
Region_691,-44.1786,16.207,23,8,358043
Region_692,-83.9247,50.2497,21,7,332936
Region_693,-61.6117,137.1231,6,1,439239
Region_694,74.1604,-89.735,3,1,236616
Region_695,-11.4889,85.1166,14,6,545065
Region_696,-38.003,-13.1985,23,4,166660
Region_697,50.0812,-1.2374,1,8,893940
Region_698,-75.759,12.6283,27,5,434926
Region_699,-15.057,128.354,3,5,300623
Region_700,86.4854,-34.6383,16,3,897809
Region_701,4.1805,-137.2432,28,6,835789
Region_702,-27.1512,7.0153,14,5,495526
Region_703,28.9803,167.6428,7,7,602682
Region_704,-11.0662,108.0362,21,6,950633
Region_705,-21.2897,-166.3313,28,1,494057
Region_706,-38.282,154.6931,1,1,612194
Region_707,-88.5388,169.3805,15,3,972293
Region_708,-2.301,129.7718,4,9,113644
Region_709,58.2176,177.4129,5,1,588805
Region_710,-26.3554,136.8068,29,3,690355
Region_711,53.8864,148.9405,15,4,912787
Region_712,-79.433,147.2426,10,9,428050
Region_713,-58.5618,-52.1561,22,5,306417
Region_714,-3.7499,-39.9632,20,7,742024
Region_715,81.1925,-158.5538,16,6,887906
Region_716,87.8324,66.0213,14,4,422466
Region_717,-65.2134,58.7943,19,7,242256
Region_718,-77.6687,-153.3833,26,6,354247
Region_719,-65.8254,82.0169,18,3,491020
Region_720,-82.1331,-12.5332,26,9,972781
Region_721,-36.8639,111.5109,24,7,905131
Region_722,89.8404,159.2649,12,1,206012
Region_723,-9.5008,30.9237,28,8,149545
Region_724,16.9303,-87.5348,7,8,655625
Region_725,2.7842,173.7481,13,9,101213
Region_726,28.0435,-80.809,4,8,228404
Region_727,-3.2277,-19.3052,13,2,802741
Region_728,21.4699,65.7433,14,9,911986
Region_729,86.7052,66.6974,8,9,863610
Region_730,3.7906,48.9143,29,6,702064
Region_731,3.2741,168.8149,12,9,466648
Region_732,15.4502,91.5533,3,9,470613
Region_733,88.0371,23.8407,24,6,657014
Region_734,15.0861,73.1584,24,7,220259
Region_735,-70.9409,-85.6848,6,5,754605
Region_736,12.248,146.0033,24,8,943800
Region_737,14.7191,-126.1818,8,4,407346
Region_738,-2.2102,153.0855,12,2,493135
Region_739,-15.8975,-147.1999,27,4,230057
Region_740,-25.0968,-118.1506,9,4,920979
Region_741,-39.3986,138.8368,23,1,646000
Region_742,-42.331,-36.4961,12,5,243447
Region_743,-64.9447,59.6198,10,7,226618
Region_744,-9.1484,-33.625,26,4,791797
Region_745,11.8956,51.0672,29,6,428319
Region_746,43.3834,-10.7672,23,9,523902
Region_747,48.4912,-77.9707,3,4,710532
Region_748,-64.2762,14.3818,2,8,394517
Region_749,39.0795,173.8876,10,2,323537
Region_750,87.5165,-154.4087,27,4,214053
Region_751,56.8122,52.685,4,1,984635
Region_752,10.4582,-91.7355,6,1,760748
Region_753,23.9815,-95.3042,13,6,848470
Region_754,-88.7339,-130.4322,18,2,164761
Region_755,55.858,-60.1782,24,4,366775
Region_756,10.5793,84.5623,16,8,883897
Region_757,6.7264,121.6365,23,2,690997
Region_758,64.4038,-140.8076,11,7,842010
Region_759,82.2651,53.9948,12,8,542191
Region_760,22.2307,128.0139,26,4,254756
Region_761,-21.4419,12.6756,2,7,616820
Region_762,-28.9213,49.8461,25,6,324073
Region_763,51.897,-138.4017,28,5,829450
Region_764,18.2979,140.3174,12,4,770965
Region_765,-56.7411,-122.6293,9,6,372283
Region_766,-35.8745,-22.33,14,3,524923
Region_767,25.411,4.4371,24,9,403208
Region_768,62.048,-36.7559,12,2,246900
Region_769,47.5056,-168.134,3,4,482262
Region_770,15.3972,94.4676,20,2,768386
Region_771,-78.3227,88.8252,3,3,867493
Region_772,-49.9403,-8.9293,21,2,577130
Region_773,65.436,112.2113,19,7,703653
Region_774,9.7006,52.2482,29,8,644112
Region_775,-63.1338,131.444,28,3,740832
Region_776,2.3747,71.3176,18,1,518016
Region_777,63.1311,-35.4862,26,1,598600
Region_778,-83.9361,75.0816,16,9,285181
Region_779,50.1124,39.5453,11,9,813518
Region_780,78.7153,144.5077,17,6,741316
Region_781,-82.3062,-114.3869,10,3,281331
Region_782,-63.6941,56.0586,16,9,233255
Region_783,-75.1043,-126.4635,27,9,811376
Region_784,48.3911,-89.4978,23,3,153560
Region_785,55.9242,-80.3347,3,8,345594
Region_786,11.6398,159.9508,4,6,374363
Region_787,37.5668,19.5078,23,5,363023
Region_788,23.8537,-130.5687,25,5,178269
Region_789,74.0032,26.2897,29,6,900411
Region_790,-77.9845,29.4637,19,2,199270
Region_791,-8.7995,6.7197,19,9,417125
Region_792,66.4838,-4.1914,20,2,374620
Region_793,-66.5602,-72.0616,17,2,970028
Region_794,-77.3584,80.0645,21,3,750231
Region_795,-18.9662,12.1215,7,4,447358
Region_796,-66.3776,-98.8042,28,1,428053
Region_797,-45.7293,-21.4882,16,7,865648
Region_798,46.323,15.1335,4,2,580195
Region_799,64.1303,38.4098,2,3,537933
Region_800,12.8131,-33.5082,17,9,950412
Region_801,59.7362,-32.3302,28,4,267007
Region_802,-35.9821,-130.9862,27,5,317733
Region_803,-36.1124,121.1341,14,9,580865
Region_804,68.9031,44.1877,5,6,721970
Region_805,75.8643,-49.5325,6,9,286662
Region_806,-51.6887,-151.5038,28,5,338980
Region_807,63.4248,-142.1089,25,8,228084
Region_808,37.376,-115.9826,17,1,155337
Region_809,-35.8154,77.07,16,8,171043
Region_810,21.1939,153.8104,26,9,830676
Region_811,83.574,-56.0669,27,7,743776
Region_812,-73.3201,136.9815,27,9,134006
Region_813,-82.7223,45.8288,13,3,357389
Region_814,-48.1517,-160.2921,22,9,776181
Region_815,-7.8905,-76.4455,4,1,802138
Region_816,81.6089,126.1361,5,3,252435
Region_817,14.7889,47.0091,3,7,462172
Region_818,-10.8082,161.5589,4,8,538067
Region_819,-58.5968,83.9896,13,5,669862
Region_820,-85.182,28.8241,23,5,100094
Region_821,-11.4203,-144.362,20,7,411542
Region_822,-20.0267,-46.9572,5,6,633926
Region_823,8.0317,74.6061,6,5,921884
Region_824,1.5063,-65.9101,2,4,536295
Region_825,-15.4974,9.0599,5,4,933153
Region_826,85.5446,-89.2283,28,6,373859
Region_827,-19.1686,-86.9456,29,9,971037
Region_828,-8.9731,124.3513,26,9,195639
Region_829,45.8144,15.904,1,3,642503
Region_830,12.6265,-41.6734,23,5,530932
Region_831,-84.1592,-132.0032,6,1,835456
Region_832,-66.6765,-23.6327,7,8,263081
Region_833,-66.5283,-94.9714,29,9,695539
Region_834,-54.5287,91.9307,9,9,596354
Region_835,-66.2374,12.3985,12,3,512013
Region_836,-83.7028,-32.7033,8,4,110280
Region_837,17.7229,153.8458,10,3,985416
Region_838,-76.8956,-39.0028,20,6,735115
Region_839,10.1186,108.3825,19,4,100021
Region_840,77.7393,96.0105,15,3,333083
Region_841,-26.8456,-38.29,4,5,552715
Region_842,-78.2408,133.3977,5,3,297235
Region_843,-44.1704,10.056,5,3,810428
Region_844,-49.7319,-125.5867,17,7,233252
Region_845,-35.2299,-112.4689,28,1,621977
Region_846,46.5756,159.7011,9,6,407143
Region_847,62.5729,-60.5908,26,3,184209
Region_848,1.9274,156.3698,21,3,500143
Region_849,34.3201,140.9092,23,1,255301
Region_850,-6.1601,52.7435,23,3,608904
Region_851,-16.0454,177.0792,22,6,740225
Region_852,30.5443,17.8046,5,5,435506
Region_853,16.74,-12.0508,7,5,145888
Region_854,3.6291,2.7074,12,3,148103
Region_855,-38.3911,169.8297,21,6,995600
Region_856,-59.2063,131.2476,16,8,600240
Region_857,-43.6309,169.5597,21,3,296153
Region_858,45.7583,-89.1283,19,4,986729
Region_859,-71.1956,92.3641,13,8,487550
Region_860,40.2701,-156.3413,10,5,477542
Region_861,67.7965,-14.3189,5,4,507172
Region_862,-23.3683,-101.391,6,7,463589
Region_863,87.878,66.6756,26,4,507945
Region_864,44.1935,177.266,21,9,804065
Region_865,-25.3564,21.4085,8,4,154461
Region_866,-21.8941,114.9002,18,8,677067
Region_867,34.3714,23.897,25,8,894358
Region_868,-36.0649,-78.5843,22,3,829040
Region_869,-27.027,-98.8581,12,8,995512
Region_870,88.1043,106.21,2,9,714604
Region_871,65.5288,78.3253,8,6,582126
Region_872,3.7891,-40.2267,29,8,543860
Region_873,85.2029,-150.2813,2,2,528367
Region_874,-33.0046,17.7225,23,1,370661
Region_875,34.4468,-20.8683,16,6,554583
Region_876,86.8202,-1.4763,19,2,242707
Region_877,-47.4369,-3.1746,12,4,879528
Region_878,-36.5823,17.2121,15,9,913132
Region_879,-42.3327,137.8319,29,4,659194
Region_880,57.1419,-63.0848,9,6,585366
Region_881,-63.0643,69.3804,19,5,430266
Region_882,51.2899,-74.1678,20,1,591204
Region_883,-27.4583,-135.5347,29,6,293495
Region_884,23.6843,-8.4017,17,2,450251
Region_885,-6.5376,-18.6778,20,8,305703
Region_886,-36.4273,75.5924,1,6,483096
Region_887,31.0002,110.0945,13,9,192320
Region_888,-18.4176,131.393,12,7,320337
Region_889,21.5793,-159.4166,16,8,947006
Region_890,-4.2653,-88.6366,23,5,555083
Region_891,-2.2516,126.1423,5,5,756560
Region_892,0.56,23.8839,24,8,947266
Region_893,-16.6331,146.7769,19,1,645725
Region_894,-65.0776,29.5623,3,3,693806
Region_895,72.9969,81.6985,22,9,300275
Region_896,-89.7566,50.3062,8,6,232219
Region_897,-35.1289,-149.6632,21,2,634773
Region_898,-62.0365,83.8912,16,9,393220
Region_899,-47.4479,-116.999,23,6,476261
Region_900,82.8703,169.1183,13,5,265836
Region_901,-11.1584,149.1214,8,3,886134
Region_902,56.0918,-67.8252,8,8,131729
Region_903,18.8765,-59.5994,19,6,987874
Region_904,36.9199,-101.6993,15,6,971696
Region_905,-10.2037,14.5293,5,5,552057
Region_906,21.7515,-144.8033,4,7,263276
Region_907,62.2349,-50.6671,26,2,349577
Region_908,9.3778,121.2657,12,6,533374
Region_909,-30.0995,-153.9188,1,5,920669
Region_910,36.0539,28.3711,11,7,841906
Region_911,31.0915,43.9962,9,6,479124
Region_912,57.5426,-144.8864,2,9,214558
Region_913,5.1496,-5.8893,14,2,148020
Region_914,-89.249,95.4796,22,9,881057
Region_915,-6.5286,144.7769,2,8,226539
Region_916,12.8112,3.6154,1,4,835156
Region_917,12.7373,-172.6157,17,3,667430
Region_918,-46.1716,179.5181,13,1,795448
Region_919,42.2707,-45.7826,10,5,201322
Region_920,-3.8758,80.4555,7,7,502937
Region_921,7.8125,60.4574,14,1,639017
Region_922,0.495,-179.4873,22,8,982943
Region_923,-75.767,81.417,28,3,799134
Region_924,43.2885,-84.1904,20,4,567371
Region_925,-16.3703,117.3971,28,8,286228
Region_926,72.7077,119.5459,29,1,158521
Region_927,-43.9018,113.238,19,3,644623
Region_928,6.8027,141.7819,22,4,752470
Region_929,-68.7579,147.7912,16,1,156534
Region_930,-38.963,29.572,4,4,771043
Region_931,28.7505,-122.3159,24,5,954373
Region_932,30.695,173.5518,21,8,308877
Region_933,7.1578,-178.0055,26,2,615156
Region_934,9.1588,167.7256,19,1,596786
Region_935,-12.0566,-31.5212,4,4,164520
Region_936,-33.5229,-164.8569,25,1,348490
Region_937,-73.0398,123.3244,1,5,430566
Region_938,65.2477,108.7636,17,8,561531
Region_939,12.5525,145.9,8,5,684049
Region_940,-41.6965,105.3741,25,1,619309
Region_941,-78.6116,-98.2601,3,4,667801
Region_942,7.6214,17.4668,16,4,815278
Region_943,-55.9607,102.8693,9,1,377559
Region_944,35.242,103.1092,11,4,689576
Region_945,71.658,103.5788,18,6,819873
Region_946,22.5857,70.0807,11,1,687009
Region_947,77.5554,-99.7837,21,5,569515
Region_948,-57.7636,-170.0707,23,5,474531
Region_949,-15.0983,-131.4922,15,2,414134
Region_950,-2.9106,-44.6109,22,2,239403
Region_951,70.7629,103.8546,17,6,158250
Region_952,30.5182,158.4439,5,3,379809
Region_953,86.4166,155.733,19,7,183475
Region_954,-12.0903,-61.2399,20,2,298883
Region_955,-61.1282,67.37,14,2,142870
Region_956,-52.8283,17.4758,12,9,100467
Region_957,73.7726,-73.0934,14,1,384574
Region_958,61.9625,123.4217,13,9,799244
Region_959,-74.0761,126.383,10,5,458718
Region_960,35.8926,14.0015,7,5,737067
Region_961,-70.6512,-124.7456,21,4,158068
Region_962,63.5797,146.8384,19,3,306826
Region_963,-25.3474,138.4352,6,5,495531
Region_964,14.8508,-130.9316,1,8,717019
Region_965,-44.26,-156.7547,15,9,846434
Region_966,-57.7163,162.7097,5,7,944229
Region_967,-30.1312,157.5574,1,6,622677
Region_968,-43.0402,100.7867,23,7,759576
Region_969,-55.1248,-40.4898,7,3,715978
Region_970,-43.9567,65.3633,25,3,994072
Region_971,-28.4531,-120.4453,28,9,528465
Region_972,76.1972,-43.0728,3,3,800260
Region_973,35.9406,41.0326,25,5,544526
Region_974,-31.5878,156.0708,21,4,482458
Region_975,-9.2806,-86.6263,23,6,169570
Region_976,-71.4704,-111.2172,27,1,669787
Region_977,48.9785,12.5468,16,2,381089
Region_978,34.2461,-142.3956,8,5,397919
Region_979,-88.4468,-103.2159,18,2,708205
Region_980,-50.7069,36.8423,3,9,155395
Region_981,13.2168,41.4844,12,8,272348
Region_982,50.2093,21.3178,24,3,614153
Region_983,-86.1815,54.4101,16,5,430808
Region_984,73.107,-179.0456,7,1,866001
Region_985,-76.895,61.2135,25,2,572578
Region_986,-75.8376,-30.1169,9,2,289691
Region_987,83.7302,-147.1404,10,1,500702
Region_988,10.0144,-114.6889,24,8,301654
Region_989,19.1156,-72.3845,26,9,313666
Region_990,-30.7911,58.3225,4,1,574958
Region_991,-24.3224,86.0127,13,2,739734
Region_992,-15.3671,137.9776,6,6,852233
Region_993,47.8441,99.3239,22,3,213663
Region_994,-22.6479,46.0859,17,7,691152
Region_995,-35.4557,-179.6501,23,2,310679
Region_996,-18.4291,-167.5537,28,6,149757
Region_997,29.94,-88.9954,28,5,126791
Region_998,-60.1026,-148.2864,4,3,541640
Region_999,40.8595,-3.7166,7,1,733279
Region_1000,19.8416,18.3617,13,2,718762
Region_1001,-47.1423,-104.8526,8,8,708121
Region_1002,5.377,-3.0068,7,8,584294
Region_1003,44.0579,156.0982,17,5,666244
Region_1004,-30.6478,84.2938,1,2,774781
Region_1005,51.4405,118.1654,2,9,140741
Region_1006,53.6078,35.5854,28,8,949131
Region_1007,10.454,-118.5785,7,8,673688
Region_1008,38.0851,-13.9351,16,6,106220
Region_1009,-58.4683,48.5652,14,5,819452
Region_1010,-5.2115,101.7116,18,1,335160
Region_1011,13.3718,8.9137,3,9,344950
Region_1012,34.2574,164.1308,5,6,344342
Region_1013,-56.7108,-143.2551,18,2,381673
Region_1014,-31.1084,-127.8932,2,5,694774
Region_1015,-67.7039,151.7841,9,6,470709
Region_1016,29.8086,-88.2037,10,1,192076
Region_1017,-53.5644,-164.5852,5,8,653373
Region_1018,36.2102,-168.9766,29,7,145410
Region_1019,-65.4504,-165.5948,8,5,554710
Region_1020,-48.933,89.6527,18,6,361073
Region_1021,-77.5493,70.5557,18,3,130458
Region_1022,37.7523,-142.0681,25,8,814614
Region_1023,-33.7511,164.5487,11,5,787340
Region_1024,-69.9962,166.1554,15,4,644166
Region_1025,2.8671,-113.8591,7,3,588903
Region_1026,-33.2766,11.2577,15,9,190888
Region_1027,-83.7306,20.8722,4,6,486669
Region_1028,73.8803,154.117,14,7,723897
Region_1029,10.3301,-139.0231,17,5,459135
Region_1030,35.8118,57.4794,20,4,485899
Region_1031,-69.9515,175.2741,15,7,643653
Region_1032,-20.7242,-36.9892,2,6,121301
Region_1033,-6.9757,127.7056,19,1,989985
Region_1034,-88.1845,118.7503,24,2,898081
Region_1035,7.5816,112.8325,25,3,535876
Region_1036,1.9798,84.84,29,2,624079
Region_1037,32.5757,-8.9354,17,6,158791
Region_1038,45.3305,-57.0186,21,8,390930
Region_1039,-8.6464,-125.9732,7,7,454218
Region_1040,-57.8012,41.8794,1,3,845277
Region_1041,-2.6131,164.2234,11,6,327424
Region_1042,-58.6066,12.7162,19,9,636581
Region_1043,12.1457,-133.4837,9,7,612639
Region_1044,55.7892,-125.0704,23,7,638912
Region_1045,8.1631,-107.2229,25,4,766268
Region_1046,45.5947,-106.7961,19,9,345116
Region_1047,12.8633,45.0225,16,1,851242
Region_1048,52.2781,151.5525,14,4,582350
Region_1049,63.025,-35.4295,29,8,566506
Region_1050,38.9794,-132.7019,1,6,562245
Region_1051,15.6227,-115.0097,29,2,199924
Region_1052,62.8181,14.6862,7,3,776311
Region_1053,17.9142,10.102,25,2,108809
Region_1054,84.8912,166.2815,24,5,836256
Region_1055,-67.9441,-107.6593,19,7,134139
Region_1056,-29.7839,0.488,18,8,316111
Region_1057,-15.3943,-74.6042,26,9,407972
Region_1058,0.9161,2.8099,8,2,970981
Region_1059,70.1685,87.6437,21,7,167954
Region_1060,-4.4326,21.7939,18,7,152664
Region_1061,88.6798,23.996,16,6,371270
Region_1062,-43.2377,-50.5862,15,9,792235
Region_1063,64.3297,-37.1572,2,4,642137
Region_1064,39.6142,-133.4501,24,1,646529
Region_1065,44.0096,178.5332,7,4,611963
Region_1066,-89.7555,146.391,20,3,442041
Region_1067,-66.3034,-59.3245,27,5,852473
Region_1068,-37.8981,111.5091,5,6,134593
Region_1069,-9.989,95.0966,27,1,401040
Region_1070,-15.6212,-125.676,20,9,784764
Region_1071,-63.8269,-48.4064,8,6,795162
Region_1072,-9.9941,-44.6357,25,5,661352
Region_1073,81.5851,-45.6121,23,9,928558
Region_1074,-72.9886,-172.6809,6,1,230076
Region_1075,14.6483,-73.1069,1,1,958801
Region_1076,81.3322,-39.5744,20,2,403560
Region_1077,-36.9288,0.4805,9,1,168875
Region_1078,87.9965,17.4821,20,9,375570
Region_1079,-77.9616,-54.9437,9,7,672405
Region_1080,25.0131,138.8867,11,9,244917
Region_1081,63.3913,-60.0384,20,2,747936
Region_1082,56.923,-166.3362,23,8,739014
Region_1083,72.3234,1.2784,11,4,292454
Region_1084,32.9874,46.8386,12,5,136454
Region_1085,-50.3651,3.9705,21,7,289170
Region_1086,-10.7372,-95.1453,12,9,287644
Region_1087,-88.3809,-31.2438,29,3,138501
Region_1088,-51.5121,139.7487,9,6,583852
Region_1089,31.6032,-136.111,2,1,460573
Region_1090,-52.4012,91.8788,7,5,975722
Region_1091,-5.7469,145.317,11,1,159734
Region_1092,87.4624,-175.6615,25,3,790132
Region_1093,53.2856,7.0552,16,3,506352
Region_1094,71.6753,-130.8117,1,3,546118
Region_1095,36.801,-48.4268,10,8,233405
Region_1096,-22.1968,49.0705,8,4,252192
Region_1097,-60.5035,23.1427,24,1,315085
Region_1098,22.3494,-117.415,26,1,233804
Region_1099,56.0576,93.5418,13,4,939169
Region_1100,57.1479,165.5702,17,5,839849
Region_1101,57.8634,-9.076,28,3,391388
Region_1102,42.4351,-166.5535,26,4,934929
Region_1103,-38.1653,116.0365,23,3,656968
Region_1104,-43.3648,79.6111,15,2,137250
Region_1105,-66.635,151.2974,23,1,387715
Region_1106,43.6518,37.0753,21,8,534454
Region_1107,-86.9876,94.3497,5,9,175470
Region_1108,71.1342,137.6559,17,8,384079
Region_1109,-64.8842,0.7551,5,7,218027
Region_1110,59.4663,-11.8007,10,3,671913
Region_1111,-69.8983,-27.0201,3,3,742763
Region_1112,-74.9944,14.8597,25,3,285401
Region_1113,-27.9433,120.8512,2,8,285948
Region_1114,18.3508,-8.0151,10,3,778537
Region_1115,-18.669,137.07,25,1,851057
Region_1116,-20.9773,132.5787,22,3,370100
Region_1117,-39.1252,-82.6188,14,1,814767
Region_1118,-67.9946,-122.3402,28,5,749264
Region_1119,-15.967,-62.9277,4,4,149956
Region_1120,35.3358,96.3819,6,2,920385
Region_1121,48.8797,152.9818,21,4,716947
Region_1122,42.9581,-95.2011,19,6,870324
Region_1123,-64.5376,-111.5249,20,5,740019
Region_1124,29.4091,-105.7996,10,6,731853
Region_1125,-81.9964,-137.2817,7,5,450680
Region_1126,-33.5978,53.8698,8,9,827054
Region_1127,-35.541,173.5927,1,3,860692
Region_1128,-89.2757,86.0441,29,2,742902
Region_1129,-7.5174,-151.0382,16,2,513865
Region_1130,-6.9578,-90.3475,15,5,863947
Region_1131,21.1181,-155.3191,10,9,789112
Region_1132,-18.1435,-67.5836,23,8,940492
Region_1133,-28.5989,-9.6855,5,3,526422
Region_1134,-41.4753,-75.1686,28,9,464548
Region_1135,45.2231,87.4446,4,9,870649
Region_1136,17.5402,-36.1576,28,6,674814
Region_1137,-88.4694,-149.8221,19,4,827602
Region_1138,5.2183,-67.5542,23,7,962967
Region_1139,-26.2735,32.3445,18,1,705955
Region_1140,13.6921,-96.7654,7,2,944258
Region_1141,15.5921,-44.6887,2,4,646580
Region_1142,-82.6968,-6.5756,10,8,116820
Region_1143,-48.3182,-168.57,29,6,436355
Region_1144,-69.9572,-131.4803,1,5,819894
Region_1145,-38.8143,176.0693,2,2,769257
Region_1146,-19.2198,-43.8709,16,9,218962
Region_1147,59.3857,-13.8096,13,9,839043
Region_1148,62.1509,26.0127,10,3,734797
Region_1149,59.4778,-172.7338,19,2,852647
Region_1150,76.1073,2.9305,18,7,967221
Region_1151,-6.9463,-153.5249,1,2,385629
Region_1152,-16.219,-119.3509,24,5,210061
Region_1153,-29.7134,11.0451,4,6,542498
Region_1154,-49.7092,-132.0893,24,1,632241
Region_1155,-29.9657,13.2212,3,9,627830
Region_1156,84.9251,31.8204,14,6,841738
Region_1157,-62.2656,93.1884,4,7,920914
Region_1158,-42.2443,51.7946,3,2,460925
Region_1159,-52.2814,-65.6774,28,1,334870
Region_1160,10.6391,0.1709,9,6,504883
Region_1161,16.9679,-54.7076,7,7,404625
Region_1162,15.1759,-27.6892,20,5,592025
Region_1163,52.5331,-75.5781,15,3,815135
Region_1164,-6.2893,110.7239,12,8,722732
Region_1165,-76.8496,176.0778,11,3,733147
Region_1166,-1.8736,-127.3294,10,2,791672
Region_1167,-86.8785,-68.0613,11,3,810868
Region_1168,-72.6198,32.6116,29,9,129632
Region_1169,-5.045,-42.8309,24,4,168943
Region_1170,-2.7828,162.4767,25,4,446727
Region_1171,37.5517,-42.9596,15,3,601179
Region_1172,60.192,20.8685,13,5,167616
Region_1173,16.8651,53.1414,26,9,928639
Region_1174,72.1707,-112.7271,7,1,574110
Region_1175,29.787,41.6799,20,5,920518
Region_1176,88.6795,-81.2017,27,5,882533
Region_1177,30.5347,62.8443,2,1,673053
Region_1178,-52.2095,-109.4554,8,3,167542
Region_1179,48.6889,-92.5823,12,1,557966
Region_1180,-10.2424,69.1688,2,6,957399
Region_1181,29.2107,91.4009,3,1,745047
Region_1182,63.8472,139.9863,19,6,707083
Region_1183,68.5326,-146.6414,2,8,445728
Region_1184,-79.8822,91.4463,7,8,830651
Region_1185,4.4405,-72.8762,18,2,536002
Region_1186,-42.1823,124.8068,19,5,172752
Region_1187,83.6729,-93.062,4,3,219369
Region_1188,66.8701,64.8985,4,1,587163
Region_1189,-10.9249,-160.1214,29,3,573246
Region_1190,-89.9859,-174.6101,17,1,112918
Region_1191,-0.3823,-143.1487,14,7,672080
Region_1192,86.7405,79.552,19,3,743825
Region_1193,61.4125,-119.5704,8,5,908314
Region_1194,-71.1836,-156.2551,18,3,517114
Region_1195,1.6573,-86.6064,8,3,875093
Region_1196,-20.2615,-123.0579,26,2,239182
Region_1197,14.4557,-35.1564,15,4,871051
Region_1198,-39.4971,79.6622,12,8,659258
Region_1199,-12.0062,162.1197,17,8,452637
Region_1200,76.7871,172.9568,3,6,376456
Region_1201,32.2853,-63.468,20,5,179015
Region_1202,-55.6685,-3.1564,7,6,962226
Region_1203,-8.3542,-152.9708,10,6,471084
Region_1204,-40.1533,-149.6343,6,9,591327
Region_1205,36.337,-44.599,2,9,885110
Region_1206,-85.5959,-97.149,3,6,174718
Region_1207,-10.6591,-147.0074,12,9,558449
Region_1208,27.6511,-116.2953,8,8,345079
Region_1209,-6.2504,107.8633,18,7,750059
Region_1210,87.366,94.3163,23,3,679720
Region_1211,-34.7249,146.695,18,7,833690
Region_1212,-68.7951,132.6031,3,9,420260
Region_1213,54.3551,0.8221,28,2,201086
Region_1214,76.5741,118.0328,8,9,657170
Region_1215,0.0037,22.0512,17,4,126707
Region_1216,-70.2542,122.5704,8,3,721511
Region_1217,-45.8251,-144.2731,12,1,546729
Region_1218,53.3757,-152.1004,16,1,542350
Region_1219,-71.7869,-45.3283,14,5,747071
Region_1220,-26.8491,-123.9638,22,5,385032
Region_1221,-79.697,86.0359,13,4,766735
Region_1222,-85.6781,-118.3837,18,8,598901
Region_1223,-9.5434,-39.169,7,3,700067
Region_1224,79.7691,-53.0871,3,1,635076
Region_1225,-24.5237,-60.5608,13,6,538569
Region_1226,54.1863,43.2652,15,3,775446
Region_1227,-11.2067,71.1946,20,8,506138
Region_1228,-78.9399,-68.2012,9,4,652483
Region_1229,51.4152,-178.1866,7,3,861613
Region_1230,-39.7602,-108.9694,21,2,605100
Region_1231,-67.4406,122.2707,2,2,527009
Region_1232,-70.4149,-164.9936,25,4,787148
Region_1233,-42.7843,-46.5067,27,8,958159
Region_1234,27.0555,46.9212,15,1,158364
Region_1235,-74.6726,-168.622,6,7,786875
Region_1236,13.1294,-74.8593,3,6,153963
Region_1237,82.2305,107.6143,6,4,229524
Region_1238,82.1815,35.2086,27,8,463235
Region_1239,-7.0637,145.178,29,3,602368
Region_1240,30.0649,170.3564,2,3,981537
Region_1241,-72.4144,100.4787,2,1,385914
Region_1242,46.9207,164.3709,17,1,675557
Region_1243,-20.5041,-145.7036,15,6,869860
Region_1244,29.5847,68.8077,24,2,165474
Region_1245,71.3398,79.4007,6,6,110878
Region_1246,-35.1432,61.8916,1,7,235185
Region_1247,12.0717,-128.1957,6,7,981617
Region_1248,28.6701,-49.949,12,3,611468
Region_1249,84.499,84.6409,15,9,742828
Region_1250,81.1931,-36.8948,5,9,872774
Region_1251,-29.7766,-95.8152,3,7,502794
Region_1252,49.102,41.7841,15,2,106989
Region_1253,-56.2792,128.9314,20,6,857460
Region_1254,-58.2138,117.755,17,1,427144
Region_1255,5.596,-41.6247,7,3,808302
Region_1256,-3.9736,141.6916,17,8,289522
Region_1257,25.525,136.9084,22,6,471522
Region_1258,35.4496,87.237,10,6,333991
Region_1259,87.0765,174.7173,26,8,260567
Region_1260,7.1831,-106.3656,27,8,216201
Region_1261,80.6252,47.023,16,8,370836
Region_1262,60.7017,174.1559,18,2,206935
Region_1263,50.9764,-31.884,16,5,467741
Region_1264,-51.6215,25.9029,11,2,983676
Region_1265,67.6701,90.6934,5,4,961415
Region_1266,84.9866,-56.5688,16,5,300854
Region_1267,-5.3222,120.9051,28,7,892723
Region_1268,52.8526,10.8905,26,8,684711
Region_1269,61.0417,-116.1753,6,1,616114
Region_1270,-57.9633,96.8778,8,3,690437
Region_1271,-56.7343,-36.0978,21,5,588987
Region_1272,58.2001,-125.1316,6,5,379138
Region_1273,72.5017,171.4088,18,1,967930
Region_1274,44.3115,-15.9663,17,1,907658
Region_1275,-86.0926,95.4905,4,3,784864
Region_1276,-14.0917,-89.4076,13,8,228504
Region_1277,-12.0827,131.5288,12,9,613560
Region_1278,-10.8987,-27.513,26,3,809298
Region_1279,-81.5449,106.4675,25,4,265187
Region_1280,-9.4756,-168.6788,12,3,413112
Region_1281,25.4921,88.943,25,1,865587
Region_1282,-29.5868,-128.8575,7,4,115464
Region_1283,16.8092,80.6514,14,4,142055
Region_1284,-57.6456,84.1919,3,4,377160
Region_1285,34.6333,151.6906,18,4,675996
Region_1286,-86.4818,155.863,17,1,172779
Region_1287,86.1644,87.9379,29,3,863277
Region_1288,-39.3646,160.4544,3,3,328567
Region_1289,-27.4882,103.7855,27,6,506591
Region_1290,65.4732,25.5912,14,5,981006
Region_1291,-81.9076,28.4908,12,6,353785
Region_1292,-72.3748,-166.2258,4,6,973246
Region_1293,68.2925,-100.6698,18,2,965320
Region_1294,49.9255,-168.9441,29,2,305932
Region_1295,-31.3087,-133.9858,4,2,560848
Region_1296,-85.9602,136.3472,13,8,866336
Region_1297,67.8022,87.7959,9,1,294087
Region_1298,2.0598,132.3162,1,8,747175
Region_1299,71.8033,-15.1487,28,1,737991
Region_1300,7.7778,130.397,22,7,795942
Region_1301,-47.5623,-37.4432,25,6,818873
Region_1302,58.1633,-82.7956,29,9,721020
Region_1303,70.6206,65.6978,27,6,200289
Region_1304,66.0517,78.4971,9,6,937874
Region_1305,89.3194,-88.5835,24,6,875904
Region_1306,56.9231,49.1721,3,5,912623
Region_1307,-13.4209,-127.5327,2,8,217987
Region_1308,-64.3615,128.5132,8,5,225221
Region_1309,30.9908,128.0544,9,8,540290
Region_1310,10.7655,5.7888,23,6,583948
Region_1311,86.7353,73.2751,1,9,582923
Region_1312,-57.0216,22.7183,19,8,656990
Region_1313,64.3603,-37.8609,10,9,461206
Region_1314,78.4726,179.1515,23,3,479284
Region_1315,-79.1836,-11.1662,7,7,647273
Region_1316,80.1539,-103.2207,1,8,541131
Region_1317,-35.9888,-110.5664,15,9,320933
Region_1318,-13.2825,111.8861,19,5,596638
Region_1319,80.4178,41.7741,29,8,689412
Region_1320,31.4683,-165.7493,3,1,225497
Region_1321,87.3634,112.8308,27,3,184250
Region_1322,49.4972,-97.6084,11,8,467373
Region_1323,78.8869,81.6093,11,7,442109
Region_1324,60.757,-158.7076,19,2,269716
Region_1325,13.4295,110.4144,12,5,564548
Region_1326,-51.278,57.3353,22,2,125573
Region_1327,58.6021,-40.9619,4,1,202801
Region_1328,-49.1976,0.288,24,8,418184
Region_1329,24.7275,-155.6734,1,6,653312
Region_1330,60.4039,47.5707,14,5,600528
Region_1331,52.3648,-49.2972,1,5,200261
Region_1332,61.7482,-88.2757,21,9,557468
Region_1333,-46.4184,-126.6048,11,4,843521
Region_1334,14.2614,10.7595,1,2,939963
Region_1335,-65.8237,77.3306,6,8,255432
Region_1336,40.5173,137.8851,6,7,400569
Region_1337,3.797,-30.9607,3,4,641755
Region_1338,23.7193,-20.1056,8,6,225138
Region_1339,86.0211,-46.0021,10,4,650194
Region_1340,-89.3641,177.3097,17,2,608553
Region_1341,-61.2059,156.8744,24,2,115580
Region_1342,24.2732,4.1115,23,8,731169
Region_1343,-12.6675,-78.2635,1,2,790903
Region_1344,-82.1004,176.141,29,9,473027
Region_1345,39.3255,146.5374,5,5,734021
Region_1346,3.4451,176.6353,18,8,485451
Region_1347,5.314,108.9659,17,2,993361
Region_1348,17.5684,49.2424,10,9,745139
Region_1349,-65.0542,21.8758,20,6,985758
Region_1350,11.7973,154.4461,1,8,612872
Region_1351,-71.6443,98.0636,13,5,615179
Region_1352,-82.3711,-104.0216,23,7,327966
Region_1353,33.3993,139.5377,28,8,296899
Region_1354,53.3086,-73.9596,8,6,913685
Region_1355,-56.546,-65.8091,17,2,926537
Region_1356,4.9049,-71.997,22,7,161541
Region_1357,61.66,-81.5448,25,3,539110
Region_1358,-15.1887,-136.2855,24,8,317448
Region_1359,-38.9946,-52.4797,4,8,763388
Region_1360,88.0788,-83.0496,10,9,904826
Region_1361,78.6625,148.3459,10,8,959525
Region_1362,-9.8973,-109.8692,27,6,417083
Region_1363,63.8865,-174.9305,1,3,675710
Region_1364,-31.7241,-66.2012,5,1,691464
Region_1365,-77.1676,-178.1379,12,7,448828
Region_1366,-42.681,138.8383,25,1,754240
Region_1367,-33.8741,89.1922,15,3,305571
Region_1368,-50.3014,32.5229,13,2,972286
Region_1369,-40.9569,175.1097,2,3,880638
Region_1370,-5.0046,40.6144,28,1,375228
Region_1371,-71.3062,-128.0695,12,9,885993
Region_1372,-84.4197,-89.1428,1,1,501350
Region_1373,24.6692,98.13,25,5,292275
Region_1374,19.3601,-103.432,20,6,425805
Region_1375,39.8352,70.5348,3,3,194025
Region_1376,71.7274,-144.2339,26,2,782308
Region_1377,-27.8784,-130.9426,19,3,316967
Region_1378,84.5875,-176.896,18,5,836186
Region_1379,-21.8856,161.5758,18,2,639992
Region_1380,-12.5282,-123.2199,5,8,456277
Region_1381,-57.2893,-60.8596,19,8,815489
Region_1382,-79.0785,-99.1756,28,3,272067
Region_1383,-39.587,-163.3225,17,4,853607
Region_1384,-77.9168,-80.096,7,6,947142
Region_1385,50.4702,-51.7576,26,3,291258
Region_1386,-61.0319,-99.3307,17,1,110647
Region_1387,-75.1825,123.058,5,1,190389
Region_1388,-61.4688,167.784,24,4,573023
Region_1389,-3.9412,2.7055,22,1,687205
Region_1390,39.2771,96.4324,3,3,379014
Region_1391,-79.0272,108.0164,13,5,735938
Region_1392,21.4611,-166.6458,20,3,731907
Region_1393,-47.0573,-92.2334,9,4,590311
Region_1394,79.2761,-66.3475,17,8,783107
Region_1395,-69.918,144.8744,16,5,270259
Region_1396,41.0243,-44.6142,5,1,956469
Region_1397,25.3634,176.4898,27,6,590937
Region_1398,22.1775,-19.187,20,8,712822
Region_1399,76.7684,-8.4266,9,5,881348
Region_1400,-63.148,-140.7961,27,1,672765
Region_1401,18.3633,161.6986,1,3,466060
Region_1402,-35.6226,-90.8634,11,2,462157
Region_1403,-25.839,-73.0933,26,9,469986
Region_1404,47.9748,-141.0694,7,8,925139
Region_1405,83.9487,-43.2541,7,6,100777
Region_1406,-49.8121,23.7635,3,5,718429
Region_1407,18.0746,47.722,27,6,771783
Region_1408,-42.8092,-102.1933,13,7,513822
Region_1409,36.9757,-153.5062,17,6,445295
Region_1410,78.4568,-54.1366,3,9,339651
Region_1411,37.1324,82.6938,27,7,346996
Region_1412,49.6742,60.3343,4,8,369299
Region_1413,53.7847,-47.3873,25,9,363947
Region_1414,-33.9074,128.2914,21,4,909976
Region_1415,6.0425,-113.2265,2,6,310425
Region_1416,2.2198,-33.5156,1,8,513521
Region_1417,88.4991,65.5229,20,6,147941
Region_1418,85.6188,35.4914,23,9,325398
Region_1419,-19.7775,47.3871,11,6,125314
Region_1420,63.6967,156.4682,25,5,290603
Region_1421,-5.439,-18.281,26,6,997724
Region_1422,66.9073,-110.723,25,3,357005
Region_1423,-87.6836,-69.0341,23,8,301658
Region_1424,-42.7608,-172.2382,4,1,803186
Region_1425,-63.1409,-127.2076,19,5,796546
Region_1426,-8.6413,28.6858,9,9,199454
Region_1427,-64.4326,142.0344,13,4,847612
Region_1428,22.526,-8.082,16,2,883130
Region_1429,-47.2945,-144.6308,15,1,313829
Region_1430,43.4334,146.2734,8,6,794884
Region_1431,43.3611,19.4738,10,8,947484
Region_1432,-73.7394,-165.5067,3,1,321405
Region_1433,-51.5529,-63.9563,14,7,157377
Region_1434,55.7139,-88.2503,20,3,414172
Region_1435,-73.7679,-67.4217,20,4,990955
Region_1436,57.0042,83.0175,27,4,192115
Region_1437,-39.5221,-17.1299,19,2,778526
Region_1438,-38.3743,89.3872,20,4,784024
Region_1439,86.4602,42.9385,27,3,116197
Region_1440,-60.881,-97.7924,26,2,866496
Region_1441,24.3619,-42.5983,4,6,798090
Region_1442,-62.3458,-98.2694,5,2,942201
Region_1443,-25.2661,-15.4443,25,8,423308
Region_1444,29.5622,-112.6451,16,3,404382
Region_1445,-76.6387,84.5561,24,8,204988
Region_1446,-63.3027,-142.5969,5,4,640490
Region_1447,28.074,-30.7108,14,1,163171
Region_1448,-19.7552,100.8729,24,5,658728
Region_1449,-50.6239,-160.3539,3,8,407909
Region_1450,-83.1157,34.5472,26,1,650123
Region_1451,59.3679,-31.6444,26,1,252217
Region_1452,-18.5213,-152.5759,19,5,469938
Region_1453,30.6557,-28.3468,3,3,833720
Region_1454,-6.4861,-169.7162,13,7,154750
Region_1455,29.6528,135.7763,4,7,290574
Region_1456,-63.9933,37.6641,7,7,585164
Region_1457,31.3607,-49.4058,17,4,729836
Region_1458,-23.7426,-157.3599,2,1,995179
Region_1459,-8.4057,33.4429,25,9,671600
Region_1460,10.3552,-170.1336,11,7,865458
Region_1461,-71.5918,98.8565,21,5,919535
Region_1462,42.324,-15.0718,9,4,652381
Region_1463,-47.0987,38.8857,3,9,874366
Region_1464,-46.6413,-167.1921,8,4,575823
Region_1465,41.0951,-84.084,24,9,101364
Region_1466,-61.5228,-60.5066,16,4,983042
Region_1467,-13.2765,166.8783,19,4,525876
Region_1468,9.3172,86.6266,7,2,262299
Region_1469,39.5533,-20.2513,17,7,379974
Region_1470,-64.8676,-138.6237,4,9,131647
Region_1471,-20.4745,38.7257,20,8,680757
Region_1472,-60.8228,39.595,21,7,560882
Region_1473,-36.7414,85.5188,18,1,772342
Region_1474,-47.0976,122.7725,10,7,787357
Region_1475,76.277,128.8142,21,9,375853
Region_1476,-78.2282,-73.9239,19,1,827211
Region_1477,10.0398,-40.0594,22,4,279376
Region_1478,69.5559,151.3589,6,2,183441
Region_1479,-46.9628,-51.1866,6,7,570496
Region_1480,9.3647,-169.0529,15,2,324914
Region_1481,78.7862,20.9389,29,6,729686
Region_1482,-70.5582,-60.4649,24,5,848469
Region_1483,30.6266,88.9006,7,4,764555
Region_1484,-38.474,-130.7796,4,6,491503
Region_1485,-36.6694,55.7972,29,5,103847
Region_1486,31.3951,76.7651,16,7,706513
Region_1487,-14.2976,79.062,25,2,154399
Region_1488,-49.7014,-30.8887,14,5,993843
Region_1489,-16.0091,-133.5388,18,4,350609
Region_1490,-78.3453,32.189,22,9,730812
Region_1491,-30.9461,-122.0178,23,3,798130
Region_1492,-59.233,31.1393,17,9,992160
Region_1493,-58.9466,49.2527,12,2,461754
Region_1494,80.3308,-35.9537,5,8,495608
Region_1495,15.8827,27.8158,7,8,974041
Region_1496,-68.1194,-164.5029,2,3,195450
Region_1497,3.4363,-52.74,16,9,648657
Region_1498,-31.1775,-84.8498,5,1,312350
Region_1499,36.6481,5.0923,15,9,979424
Region_1500,24.0943,179.5871,16,9,982990
Region_1501,39.7607,-80.2596,14,3,450163
Region_1502,-2.3892,42.9024,28,7,746883
Region_1503,38.9433,175.8724,3,7,985137
Region_1504,-51.4243,-16.5018,10,9,938532
Region_1505,81.2734,10.845,2,2,507302
Region_1506,5.4134,-170.2836,9,3,560598
Region_1507,13.8776,-161.6014,15,3,920721
Region_1508,87.6353,2.378,25,8,732616
Region_1509,81.9531,-25.7127,10,5,712912
Region_1510,-70.7099,-140.1645,14,8,469390
Region_1511,28.9678,-161.2064,16,4,253212
Region_1512,12.5153,131.7961,10,4,451116
Region_1513,34.0578,130.1961,14,3,211910
Region_1514,17.5707,-114.046,19,4,267065
Region_1515,-52.576,-149.2871,24,2,397476
Region_1516,85.391,49.2623,9,8,244987
Region_1517,40.8875,-60.8497,2,5,233618
Region_1518,-33.4524,122.6785,23,3,764322
Region_1519,-80.684,-18.4411,10,5,355013
Region_1520,22.8637,164.6812,27,9,865455
Region_1521,17.6063,-158.4361,28,4,432269
Region_1522,74.5281,-80.2696,28,2,505932
Region_1523,71.3183,-11.7241,23,6,265923
Region_1524,-5.7163,-9.2199,26,4,958980
Region_1525,-74.9622,-144.1506,8,7,881619
Region_1526,-4.5696,134.3008,2,2,318858
Region_1527,47.1166,-39.9825,7,8,302892
Region_1528,73.1298,-67.3883,1,4,946040
Region_1529,-44.3977,42.0897,21,4,917037
Region_1530,26.5416,144.5192,2,2,587825
Region_1531,69.2968,77.9989,9,2,142724
Region_1532,-71.6795,63.5986,25,7,895567
Region_1533,-0.7469,-8.2175,25,5,245232
Region_1534,31.8933,-4.9852,27,4,731155
Region_1535,66.0332,162.4115,9,4,467217
Region_1536,29.2403,117.8132,6,2,547914
Region_1537,-43.3605,72.9451,10,2,321277
Region_1538,-16.746,89.0989,24,2,991517
Region_1539,14.0368,89.096,20,7,506551
Region_1540,-86.3477,179.2055,14,7,908207
Region_1541,30.6932,12.2308,3,5,129577
Region_1542,-67.5381,-0.0888,6,4,807810
Region_1543,-13.1226,152.5009,25,6,418230
Region_1544,-64.1597,147.7463,7,9,515082
Region_1545,-47.992,-179.9534,15,9,188507
Region_1546,40.6389,1.5593,23,8,988543
Region_1547,48.0833,119.8491,7,3,887877
Region_1548,12.6704,-145.8847,13,7,617015
Region_1549,24.6009,138.4002,20,9,571524
Region_1550,-49.8146,-161.9949,19,5,200802
Region_1551,12.2278,-86.6142,29,2,968417
Region_1552,61.4933,53.2945,19,4,906646
Region_1553,-83.388,-62.9824,15,4,738031
Region_1554,-67.3997,70.1859,18,4,661349
Region_1555,-70.26,94.7688,23,5,837515
Region_1556,-89.0827,105.282,24,7,229235
Region_1557,-40.1582,169.916,16,1,677607
Region_1558,20.9424,144.596,23,6,431094
Region_1559,-66.9044,89.0067,22,5,231834
Region_1560,63.4295,-35.9091,17,5,698359
Region_1561,36.6892,-115.9021,13,5,999087
Region_1562,-48.9953,49.4536,21,4,375056
Region_1563,-57.692,-161.0945,8,8,509781
Region_1564,75.4711,159.0367,25,3,650895
Region_1565,66.3728,-78.5461,28,4,406829
Region_1566,-11.3017,76.9387,10,9,957341
Region_1567,87.3104,-56.1282,25,2,489724
Region_1568,-61.8484,-103.7312,24,4,772805
Region_1569,-78.6108,-143.4338,18,7,602400
Region_1570,-15.6296,-97.8596,16,1,673785
Region_1571,78.4339,-23.8531,22,1,592004
Region_1572,-38.5479,60.9076,21,1,883597
Region_1573,-69.3961,-155.9814,1,6,188101
Region_1574,66.5621,-126.1734,29,4,892696
Region_1575,9.1811,-22.0438,26,7,818461
Region_1576,-71.8384,95.3163,24,7,498911
Region_1577,-15.6962,-91.6405,6,9,928218
Region_1578,-70.6334,97.9534,22,6,370479
Region_1579,28.4773,135.0128,4,1,330773
Region_1580,52.3587,-103.6106,26,2,357442
Region_1581,60.1203,79.0122,21,5,517325
Region_1582,-67.195,88.4248,6,6,143315
Region_1583,-88.6516,74.4684,11,3,261686
Region_1584,7.2272,-126.2886,27,8,756001
Region_1585,31.3993,93.9816,13,3,781879
Region_1586,41.7524,-32.3777,11,7,458484
Region_1587,-31.7498,105.0793,17,4,769391
Region_1588,47.2562,82.3795,9,5,903493
Region_1589,-41.8713,-74.1976,4,9,718802
Region_1590,-51.139,146.1473,9,1,201606
Region_1591,-51.0239,108.7685,10,4,663920
Region_1592,-56.3213,-41.7913,17,7,149623
Region_1593,-16.124,93.2491,3,3,230752
Region_1594,-53.4177,-43.0049,1,7,709287
Region_1595,-21.1056,108.9926,15,9,501030
Region_1596,87.6593,-42.5793,9,5,843476
Region_1597,-58.3582,-129.5218,15,8,992063
Region_1598,-81.9692,109.6465,1,8,762467
Region_1599,-7.0086,165.2418,26,9,498897
Region_1600,89.7643,-30.9391,19,3,758580
Region_1601,54.8167,-39.2543,16,2,297971
Region_1602,-82.5904,151.4177,28,5,542264
Region_1603,-64.7999,-11.7985,17,2,243432
Region_1604,31.2526,101.7281,22,2,952553
Region_1605,-59.8178,-146.2132,18,3,967603
Region_1606,-28.2431,111.6277,18,5,842052
Region_1607,33.9547,-141.099,25,6,994051
Region_1608,83.2193,-5.2915,25,3,868873
Region_1609,-2.0005,-76.2457,3,1,321953
Region_1610,26.2352,-1.2636,14,8,550516
Region_1611,-34.5484,117.935,20,2,776665
Region_1612,48.9867,91.6128,23,6,893788
Region_1613,-56.5145,43.1411,24,3,928916
Region_1614,64.7009,24.2166,23,8,167444
Region_1615,-5.0842,14.9153,5,2,469762
Region_1616,26.8611,-162.6546,4,7,785325
Region_1617,-59.1959,111.4346,2,4,311779
Region_1618,19.8606,-66.8024,19,8,641831
Region_1619,-61.6273,-16.5221,21,9,704500
Region_1620,-44.3215,37.172,29,9,410620
Region_1621,-87.0771,58.936,14,6,704615
Region_1622,-54.0406,141.8445,3,3,845728
Region_1623,-57.875,-114.9758,15,7,951466
Region_1624,3.0764,-51.0534,18,4,254230
Region_1625,-6.2649,-110.8467,20,1,859385
Region_1626,-17.3602,53.5194,19,3,942743
Region_1627,-73.7517,76.9025,12,2,619435
Region_1628,0.535,125.5164,17,7,611099
Region_1629,51.2355,114.926,12,9,889494
Region_1630,-56.1721,-166.5315,1,7,690997
Region_1631,-60.0625,-3.9274,10,2,438635
Region_1632,-51.1903,19.6573,24,3,810436
Region_1633,-30.7552,-104.2369,24,8,546025
Region_1634,16.2734,125.9784,21,7,890585
Region_1635,21.5922,108.6202,11,3,325373
Region_1636,-71.7591,-130.3211,4,6,703419
Region_1637,50.8692,-154.6129,9,4,884652
Region_1638,-88.7411,32.9136,12,8,573138
Region_1639,89.7374,164.1262,8,6,836474
Region_1640,-35.5539,74.9864,6,3,338573
Region_1641,-44.5261,-38.2495,11,8,152595
Region_1642,15.5268,-104.0123,10,4,989451
Region_1643,79.871,-78.1221,5,1,625298
Region_1644,5.4584,-112.0263,29,5,505532
Region_1645,13.814,119.9021,11,7,569907
Region_1646,64.3365,162.0872,14,7,387578
Region_1647,-31.8818,-101.3962,6,9,681474
Region_1648,0.2257,-55.7219,6,2,256782
Region_1649,80.4141,-131.1186,19,8,636126
Region_1650,42.6093,-36.6209,2,6,283371
Region_1651,-67.7376,-179.1244,27,6,304800
Region_1652,76.681,-137.6669,4,7,396055
Region_1653,-42.1809,130.6631,10,1,744977
Region_1654,-47.1945,116.8765,21,1,231849
Region_1655,-53.1087,-32.8784,13,1,522332
Region_1656,39.9407,168.3292,15,2,450617
Region_1657,85.4595,-125.7436,5,8,118351
Region_1658,0.8481,-138.5562,24,3,237107
Region_1659,0.4423,-3.3874,22,4,903800
Region_1660,-63.4799,124.4582,13,2,373891
Region_1661,-80.3382,-80.3773,14,3,678787
Region_1662,23.2072,112.3537,16,5,891173
Region_1663,-46.5906,89.1457,3,7,608128
Region_1664,1.4562,-23.44,6,7,918763
Region_1665,-44.2818,77.2218,8,5,810386
Region_1666,-21.0818,35.2617,19,2,448177
Region_1667,-85.1856,-95.7251,26,2,805599
Region_1668,70.4278,158.034,7,7,224464
Region_1669,71.2753,162.5261,2,7,265116
Region_1670,36.5146,8.0544,14,7,340234
Region_1671,48.3953,-131.237,19,8,741722
Region_1672,-44.0181,-60.7978,7,2,392713
Region_1673,-56.238,-15.5354,14,6,943150
Region_1674,12.4337,173.772,9,5,707383
Region_1675,-43.9128,-156.2748,8,4,367419
Region_1676,22.7507,-52.0743,9,8,187903
Region_1677,68.155,-14.6145,25,4,539777
Region_1678,-54.2277,81.9466,8,6,997520
Region_1679,50.9453,-70.3683,8,7,340139
Region_1680,87.041,111.0826,7,2,870388
Region_1681,-7.816,-95.2644,23,8,502120
Region_1682,50.0343,-17.9741,18,1,914990
Region_1683,79.1444,142.8239,12,4,761345
Region_1684,35.8409,87.8758,10,2,565148
Region_1685,-64.1473,29.1204,2,6,375245
Region_1686,89.0788,150.1182,9,2,256970
Region_1687,64.9627,53.0744,18,5,568646
Region_1688,-35.1969,115.1362,25,8,607283
Region_1689,89.8823,128.1885,15,8,626471
Region_1690,-34.212,131.5238,5,7,504658
Region_1691,-14.9385,-60.9812,28,1,139102
Region_1692,21.1872,-58.9232,13,1,579770
Region_1693,39.0506,-173.0603,13,8,242217
Region_1694,37.0744,-165.973,19,1,229417
Region_1695,62.8138,71.5245,27,6,621786
Region_1696,-46.1643,37.6641,28,9,982069
Region_1697,87.907,-70.0927,27,7,543183
Region_1698,41.5696,-178.2533,8,5,638794
Region_1699,71.2372,-171.3618,17,5,340153
Region_1700,-66.1621,7.458,19,1,773693
Region_1701,34.1298,153.5996,9,8,163697
Region_1702,71.5721,-175.0608,21,5,792252
Region_1703,-86.7137,-59.3911,23,1,845276
Region_1704,-8.0154,-177.5228,6,5,931814
Region_1705,14.9712,-114.5619,12,5,919018
Region_1706,84.3337,30.4107,25,8,274505
Region_1707,56.3999,-51.1375,4,2,119242
Region_1708,38.6474,-95.8925,4,1,971036
Region_1709,-40.3872,-61.3669,18,5,350069
Region_1710,-65.077,-158.1775,14,1,255571
Region_1711,-2.1126,-163.4091,24,6,443949
Region_1712,-48.65,125.7781,26,8,137837
Region_1713,-30.028,48.3202,1,8,751128
Region_1714,-3.6341,9.9651,24,9,505921
Region_1715,38.7295,-33.1689,19,4,243626
Region_1716,-74.3376,71.7857,3,4,545446
Region_1717,44.3433,50.5664,7,7,546553
Region_1718,11.3639,70.6691,19,6,111336
Region_1719,33.6444,176.7397,1,8,941041
Region_1720,-66.0053,-79.0825,15,3,864763
Region_1721,4.7035,47.9383,29,6,135187
Region_1722,25.0133,-113.2531,9,2,529041
Region_1723,54.124,-2.0193,18,2,294042
Region_1724,52.1853,128.5495,27,7,927929
Region_1725,-77.8931,-71.4538,2,1,660362
Region_1726,-11.6769,-165.7049,20,9,153202
Region_1727,75.3064,-135.1742,16,6,650413
Region_1728,-56.1532,-80.9114,3,5,125131
Region_1729,47.1609,-87.6168,26,3,473439
Region_1730,31.188,49.4186,27,3,177858
Region_1731,-5.7832,-62.6021,11,2,742517
Region_1732,-54.3831,-42.7882,5,1,764089
Region_1733,63.6394,149.2827,16,7,287875
Region_1734,14.5626,107.6093,8,5,838379
Region_1735,-58.1816,79.362,17,5,610803
Region_1736,63.2764,176.2525,29,3,826183
Region_1737,78.2404,3.6877,20,5,307401
Region_1738,-8.6297,141.6238,22,6,706000
Region_1739,-60.7067,-127.1994,13,5,939197
Region_1740,-33.1421,-58.8651,1,4,450728
Region_1741,79.3686,42.1836,23,1,230476
Region_1742,35.248,-85.9717,22,3,668400
Region_1743,-15.6348,37.9414,26,8,914790
Region_1744,60.2924,172.0185,29,4,144245
Region_1745,18.4571,58.6486,9,1,696667
Region_1746,-57.215,-110.4629,16,4,887014
Region_1747,-13.9721,150.5616,7,1,460661
Region_1748,-84.6442,36.357,2,8,409230
Region_1749,42.5144,-38.8916,4,2,892279
Region_1750,44.4447,-104.4272,21,2,186814
Region_1751,61.8397,56.6281,23,8,315035
Region_1752,9.9724,30.6165,22,5,508367
Region_1753,-59.445,110.9131,22,1,755294
Region_1754,-74.8558,-26.8126,17,2,436917
Region_1755,34.9264,-29.6912,29,4,840840
Region_1756,73.234,172.9088,9,6,311133
Region_1757,81.4655,161.6144,25,3,712941
Region_1758,30.4546,118.2,2,5,381958
Region_1759,46.5613,-110.069,4,2,668434
Region_1760,-16.009,118.4369,22,1,736467
Region_1761,-82.296,-160.1656,28,4,770472
Region_1762,13.143,47.2441,23,3,562227
Region_1763,87.6738,-95.401,8,5,132830
Region_1764,-66.1951,-101.0924,29,6,261784
Region_1765,-34.5015,91.7323,3,7,232290
Region_1766,13.1268,-43.1699,28,8,699813
Region_1767,-49.1121,-21.9369,8,8,808870
Region_1768,-60.1908,0.9902,20,6,744084
Region_1769,6.441,144.0299,17,6,186887
Region_1770,3.4652,52.4912,7,7,461914
Region_1771,12.4856,41.9465,12,8,912019
Region_1772,25.1745,0.5613,9,3,159011
Region_1773,-36.4171,-98.357,15,7,329763
Region_1774,80.9374,46.5608,12,5,299913
Region_1775,-51.0858,-38.5996,27,8,639553
Region_1776,77.7833,-10.8985,27,6,802499
Region_1777,39.1496,83.6535,7,3,457708
Region_1778,-68.4946,133.9276,14,3,925176
Region_1779,7.7002,-85.7777,24,2,906181
Region_1780,-85.1607,-10.3181,4,3,996039
Region_1781,36.574,-44.0003,17,9,450745
Region_1782,-10.3102,45.9165,1,8,784819
Region_1783,12.8737,13.1327,9,6,462194
Region_1784,23.3831,121.0087,23,6,977585
Region_1785,0.4154,101.5749,29,9,168174
Region_1786,69.7793,125.3866,2,7,588975
Region_1787,-80.5894,-103.2042,12,2,380161
Region_1788,48.1048,-143.7035,19,6,135965
Region_1789,0.9264,-127.3385,5,9,296504
Region_1790,-75.3048,-152.2072,2,4,518185
Region_1791,40.4855,117.2054,28,6,560707
Region_1792,85.8506,-145.0225,20,3,429411
Region_1793,34.4805,-41.2893,23,9,428322
Region_1794,69.1217,-126.2334,13,4,407113
Region_1795,-24.1596,26.6558,10,5,928740
Region_1796,26.5961,-76.1825,25,8,307776
Region_1797,30.1352,-151.6854,25,5,157662
Region_1798,75.7416,-170.7079,22,4,143442
Region_1799,81.9526,-160.6231,10,3,105632
Region_1800,-24.8095,23.9682,25,6,200156
Region_1801,-43.0405,156.6482,12,8,230064
Region_1802,-22.0811,-149.1725,8,2,163730
Region_1803,13.6153,14.4657,26,2,151271
Region_1804,-86.1125,-109.2942,2,4,823658
Region_1805,-36.9851,-177.3691,14,9,424491
Region_1806,-68.8517,-22.1453,28,1,279437
Region_1807,54.6392,-176.2024,9,3,687306
Region_1808,54.3015,140.3626,15,8,894974
Region_1809,-67.8736,62.6328,6,3,745032
Region_1810,25.1067,-41.778,25,8,697650
Region_1811,34.0643,-24.6543,26,9,621189
Region_1812,17.6569,-17.1371,8,2,992017
Region_1813,-85.6187,-93.0673,26,1,420131
Region_1814,58.9222,117.316,21,6,815264
Region_1815,-76.6898,-88.6061,28,1,866036
Region_1816,35.6814,63.4962,18,2,552130
Region_1817,-49.6035,-21.059,17,3,615284
Region_1818,-29.0811,-176.0935,24,9,809119
Region_1819,29.0815,-131.664,24,2,970914
Region_1820,8.132,179.2083,8,1,946506
Region_1821,-66.0564,-144.0723,3,2,747087
Region_1822,-81.4072,62.3767,23,8,496737
Region_1823,-17.1169,-108.4032,28,4,357970
Region_1824,17.6474,130.197,22,3,985289
Region_1825,7.6112,3.7988,11,3,512098
Region_1826,29.7127,-63.4004,28,6,702426
Region_1827,-30.6203,123.8388,22,7,850263
Region_1828,0.5976,23.5556,16,9,769975
Region_1829,48.3947,-93.075,28,8,826085
Region_1830,44.009,105.9019,29,8,590884
Region_1831,55.8171,42.4087,4,3,299491
Region_1832,64.1427,141.4531,9,3,916795
Region_1833,45.6171,171.8196,24,8,255385
Region_1834,-73.7135,112.3135,19,7,845894
Region_1835,-65.1632,79.9237,23,3,954000
Region_1836,-29.1106,95.4047,25,3,791432
Region_1837,-40.1779,151.1258,19,7,282691
Region_1838,-58.7315,163.2416,22,5,562919
Region_1839,85.7401,-26.4541,7,1,648594
Region_1840,-85.5606,-49.0138,22,8,370282
Region_1841,23.3452,52.8972,21,8,905335
Region_1842,-81.5337,-53.9936,6,4,846897
Region_1843,42.2011,-150.8521,25,4,370615
Region_1844,55.9405,144.836,1,7,645949
Region_1845,-50.0109,153.6168,23,3,446843
Region_1846,69.4927,-12.4836,9,1,892542
Region_1847,76.1799,103.8886,23,7,894614
Region_1848,-55.797,-114.6051,28,6,414675
Region_1849,73.6336,146.8189,12,8,763838
Region_1850,74.7381,19.7166,9,5,654586
Region_1851,-76.692,42.1571,14,2,589875
Region_1852,-46.6357,-25.3842,21,2,767172
Region_1853,11.2365,4.1653,1,9,684383
Region_1854,-81.8696,-19.0945,28,5,419429
Region_1855,8.2546,144.2461,23,8,623517
Region_1856,-1.9631,167.8671,28,3,247853
Region_1857,-71.467,-11.0088,18,6,248818
Region_1858,-35.7837,-171.734,2,6,901452
Region_1859,30.8676,-62.2251,26,8,256997
Region_1860,81.6346,110.1731,16,7,752688
Region_1861,65.5743,-73.1983,8,5,632925
Region_1862,-73.6012,125.7679,22,8,796200
Region_1863,5.7222,26.4425,23,2,143908
Region_1864,67.5174,148.1589,12,2,286470
Region_1865,62.1109,-123.933,12,9,546598
Region_1866,-84.0601,-0.6181,1,7,274393
Region_1867,54.0364,-122.9251,6,7,581115
Region_1868,-51.6302,136.3434,22,5,720401
Region_1869,45.2321,-40.8407,27,9,136911
Region_1870,62.6959,112.1829,11,9,277706
Region_1871,6.4562,-98.2113,11,4,278116
Region_1872,2.1082,33.5429,26,3,496886
Region_1873,64.7418,89.5449,25,2,390915
Region_1874,77.1246,51.2643,28,5,600921
Region_1875,-19.9673,112.8376,2,5,774608
Region_1876,-42.2443,84.5215,1,3,166792
Region_1877,1.1353,-133.131,17,9,403975
Region_1878,-24.8673,13.1714,19,5,444578
Region_1879,-27.9579,65.4748,21,4,413279
Region_1880,-23.9587,-105.6315,10,2,284095
Region_1881,-2.7413,-95.523,27,9,107098
Region_1882,-22.1103,39.6267,23,7,754361
Region_1883,45.5952,-65.491,29,8,341764
Region_1884,-15.9301,-23.9142,7,2,480378
Region_1885,72.9346,-177.9616,8,5,637306
Region_1886,-64.9388,151.5831,13,3,515762
Region_1887,-44.9988,-69.4224,14,5,356654
Region_1888,-77.7187,-22.6482,18,5,580864
Region_1889,-25.1292,-71.4835,8,7,952555
Region_1890,87.7419,-55.5137,19,7,552766
Region_1891,-5.006,-123.2487,28,7,995820
Region_1892,80.6101,-110.9629,20,7,290676
Region_1893,72.046,-26.2202,6,7,499560
Region_1894,-42.9605,-16.3424,2,4,969116
Region_1895,14.5235,-171.0731,15,5,560217
Region_1896,-47.8249,109.8617,12,9,665233
Region_1897,4.1943,-93.2332,13,1,857074
Region_1898,-73.3393,161.4511,24,4,977715
Region_1899,69.7555,-29.1825,11,9,280981
Region_1900,27.3807,47.2053,28,9,561172
Region_1901,-52.1496,-95.2153,12,1,763163
Region_1902,38.2714,-97.199,5,3,835569
Region_1903,77.3905,165.1253,7,7,689611
Region_1904,-10.2056,-6.7251,1,7,140397
Region_1905,-32.5809,149.0568,1,1,103861
Region_1906,88.838,15.3734,18,8,466948
Region_1907,81.7763,-117.1942,6,7,191855
Region_1908,-58.44,69.5054,19,7,636174
Region_1909,-20.4486,152.347,26,6,373486
Region_1910,63.0216,-144.7308,12,7,609199
Region_1911,82.8435,-131.1747,29,8,583140
Region_1912,-54.5537,154.3735,26,4,690491
Region_1913,39.1233,-78.9864,27,8,709548
Region_1914,86.3461,81.3925,24,7,578201
Region_1915,42.4151,-117.3714,17,1,474996
Region_1916,-0.1657,-60.4338,21,4,251855
Region_1917,-74.781,-39.4604,7,3,937339
Region_1918,40.8932,161.1788,8,7,160411
Region_1919,54.1818,127.4231,20,5,585517
Region_1920,76.0369,111.2792,3,5,816932
Region_1921,-61.5816,3.0649,25,7,784888
Region_1922,55.0297,-68.2424,20,3,263748
Region_1923,-9.995,179.7117,19,1,510063
Region_1924,-45.3019,147.6473,22,3,930885
Region_1925,-29.2401,-173.3325,11,3,232969
Region_1926,46.7619,-160.9971,13,7,979557
Region_1927,32.8315,135.4603,18,2,946179
Region_1928,-55.8312,-60.7546,16,8,322396
Region_1929,62.2864,-106.8953,2,7,610744
Region_1930,70.0402,-85.6289,15,9,969606
Region_1931,-61.2773,-85.1909,24,7,641630
Region_1932,-76.2183,-144.8148,15,3,551234
Region_1933,-25.1061,-61.663,15,9,739517
Region_1934,14.2624,96.9176,29,7,754641
Region_1935,-49.5155,-5.7273,6,4,274835
Region_1936,-56.5437,14.566,29,5,148347
Region_1937,-16.3806,82.5883,3,3,842340
Region_1938,84.2353,-42.8269,10,3,124258
Region_1939,82.5372,-136.3756,18,1,983283
Region_1940,-71.2234,59.8899,18,3,734657
Region_1941,41.1618,43.137,4,2,250912
Region_1942,50.9393,-61.9578,18,3,629304
Region_1943,55.9293,53.1348,9,5,841606
Region_1944,74.6202,-72.3398,26,6,729849
Region_1945,-87.5046,-53.9104,2,5,462052
Region_1946,-2.0075,-5.5042,6,8,405289
Region_1947,-48.5469,120.1017,24,4,815368
Region_1948,3.4817,133.4823,19,7,837678
Region_1949,34.8418,113.3086,15,6,923795
Region_1950,17.6562,145.6929,15,7,430037
Region_1951,-74.373,36.6487,7,3,752669
Region_1952,-9.2237,-153.9385,26,1,579195
Region_1953,-27.4808,76.8677,20,8,395323
Region_1954,38.4417,-125.3625,10,8,950480
Region_1955,-46.9773,37.6273,20,9,956378
Region_1956,-47.7636,-177.8697,6,6,739571
Region_1957,7.2534,-83.7891,9,1,495426
Region_1958,6.6345,-102.1009,20,4,300797
Region_1959,-71.2538,158.2394,15,9,367936
Region_1960,58.2528,-155.8338,4,8,725389
Region_1961,22.6276,-61.3304,27,9,357677
Region_1962,-55.5236,15.3356,18,3,509299
Region_1963,-78.0305,60.31,20,8,607347
Region_1964,50.7083,176.8008,28,2,129815
Region_1965,15.6714,-54.4528,11,5,150931
Region_1966,-26.0542,2.4816,22,1,260531
Region_1967,-44.6626,77.2577,29,2,468180
Region_1968,-55.3972,-135.6949,16,7,188576
Region_1969,67.6256,117.7843,13,9,389392
Region_1970,-11.8261,-100.2131,17,4,349467
Region_1971,7.6702,-168.8331,2,6,576675
Region_1972,61.939,57.0502,16,2,698395
Region_1973,52.4977,99.5399,4,2,892615
Region_1974,57.7389,107.6731,21,2,689944
Region_1975,-54.2689,-28.8063,12,2,104705
Region_1976,-30.4461,119.9628,18,6,459346
Region_1977,-0.8083,-178.4701,1,7,486453
Region_1978,-8.1682,147.0253,13,4,528519
Region_1979,20.9521,-21.2616,1,8,641353
Region_1980,-64.6632,-153.1935,5,9,163891
Region_1981,-31.7549,132.212,29,5,187226
Region_1982,-5.669,-35.9135,18,2,671965
Region_1983,13.4562,-39.1898,9,2,179287
Region_1984,-89.8097,58.5514,11,1,130011
Region_1985,68.4268,8.007,16,9,932922
Region_1986,82.9534,-5.5883,9,7,185588
Region_1987,-88.223,65.285,28,9,257157
Region_1988,47.5579,25.2081,10,2,779718
Region_1989,-38.9134,84.8197,4,7,737051
Region_1990,-42.5271,31.196,21,1,314846
Region_1991,-25.2558,102.0583,13,6,790290
Region_1992,26.3405,72.4616,11,3,701148
Region_1993,47.7966,-108.2549,21,7,780703
Region_1994,-73.9242,-151.7353,22,9,440553
Region_1995,21.1334,74.2682,19,7,801503
Region_1996,21.7872,100.2232,9,4,729849
Region_1997,-87.2551,-117.9493,18,9,544739
Region_1998,75.7127,96.9716,13,2,654279
Region_1999,67.4309,-170.6158,16,1,579049
Region_2000,54.8314,-170.6638,1,9,407134
